,name,author_id
0,Stepanek,1
1, Mattie J. T.,2
2,Aksyonov,3
3, Vassily,4
4, Heim,5
5, Michael Henry,6
6, and Bouis,7
7, Antonina W.,8
8,Smith,9
9, Richard,10
10,Miller,11
11, Judith,12
12, Engelberg,13
13, Stephen,14
14, and Broad,15
15, William J.,16
16,Gomes,17
17, Peter J.,18
18,Bragg,19
19, Rick,20
20,Jackley,21
21, John L.,22
22,Aymar,23
23, Brandt (EDT),24
24,Gertz,25
25, Bill,26
26,Kay,27
27, Terry,28
28,Haufler,29
29, Hervie,30
30,Kulka,31
31, John (EDT),32
32, Danford,33
33, Natalie (EDT),34
34, and Oates,35
35, Joyce Carol (EDT),36
36,Moore,37
37, Thomas,38
38,Preston,39
39, Caroline,40
40,Girzone,41
41, Joseph F.,42
42,Hopkins,43
43, Andrea,44
44,Kushner,45
45, Harold S.,46
46,Conway,47
47, Jill Ker (EDT),48
48,Robinson,49
49, Archie,50
50,Terkel,51
51, Studs,52
52,Bernhard,53
53, Sandra,54
54,Goldman,55
55, Kevin,56
56,Pollack,57
57, Mark H. (EDT) and Rosenbaum,58
58, J. F. (EDT),59
59,Scarisbrick,60
60, J. J.,61
61,Coles,62
62, Robert,63
63,Gould,64
64, James L. and Gould,65
65, Carol Grant (EDT),66
66,Parrott,67
67, Les,68
68, Geoffrey A.,69
69,McLaughlin,70
70, Ann L.,71
71,Iovine,72
72, Vicki,73
73,Watson,74
74, John H. and Millett,75
75, Larry (EDT),76
76,Goetzmann,77
77, William H.,78
78,Osborne,79
79, David and Gaebler,80
80, Ted,81
81,Price-Thompson,82
82, Tracy (EDT) and Stovall,83
83, Taressa (EDT),84
84,Naisbitt,85
85, John and Aburdene,86
86, Patricia,87
87,Buckley,88
88, William F.,89
89,Mirkin,90
90, Gabe and Rich,91
91, Diana,92
92,Brooks,93
93, Bruce,94
94,Mezrich,95
95, Ben,96
96,Cohen-Sandler,97
97, Roni,98
98, Ph.D.,99
99,Reagan,100
100, Ronald and Hannaford,101
101, Peter,102
102,De Pree,103
103, Max,104
104,Rich,105
105, Adrienne Cecile,106
106,Villa,107
107, Richard A. (EDT) and Thousand,108
108, Jacqueline S. (EDT),109
109,Ross-Larson,110
110,Roberts,111
111, Nancy,112
112,Owen,113
113, David,114
114,Grollman,115
115, Earl A.,116
116,Halliday,117
117, E. M.,118
118,Powter,119
119, Susan,120
120,Bean,121
121, Billy and Bull,122
122, Chris,123
123,Fowlkes,124
124, Frank V.,125
125,Glen,126
126, Samantha and Moore,127
127, Mary Tyler (INT),128
128,Fuentes,129
129, Carlos and Christensen,130
130, Thomas (TRN),131
131,Kramer,132
132, Peter D.,133
133,Newbold,134
134, Heather (EDT),135
135,Ross,136
136, Pat,137
137,Peeke,138
138, Pamela,139
139,Weisgard,140
140, Leonard (ILT) and Wahl,141
141, Jan,142
142,Galbraith,143
143, John Kenneth,144
144,Rosen,145
145, Robert (EDT),146
146, Digh,147
147, Singer,148
148, Marshall,149
149, and Phillips,150
150, Carl,151
151,Hildebrand,152
152, Ron (ILT) and Merwin,153
153, John,154
154,Cleage,155
155, Pearl,156
156,Reidy,157
157, Sue,158
158,Hammer,159
159, Michael and Champy,160
160, James,161
161,Dashe,162
162, Alfred M.,163
163,Spence,164
164, Jonathan D.,165
165,Worsley,166
166, Frank Arthur,167
167,Horney,168
168, Karen (EDT),169
169,Donaldson,170
170, Stephen R.,171
171,Lederer,172
172,Stone,173
173, Howard and Stone,174
174, Marika,175
175,Sorel,176
176, Edward,177
177,Kennelly,178
178, Brendan,179
179, Donovan,180
180, Katie,181
181, and Jeffares,182
182, A. Norman,183
183,NATAHANIEL CURRIER and JAMES MERRITT,184
184,O'Brian,185
185, Patrick,186
186,Prima,187
187,Haynes,188
188, Melinda,189
189,Winthrop,190
190,Gerson,191
191, Allan,192
192,Moses-Hrushovski,193
193, Rena,194
194,Bernstein,195
195, Carl and Woodward,196
196, Bob,197
197,Lord,198
198, Graham,199
199,Byrne,200
200, Muriel St. Clare (EDT),201
201,Davenport,202
202, Zoe,203
203,Mill,204
204, John Stuart and Stillinger,205
205, Jack (EDT),206
206,Joseph F. Girzone,207
207, Martin Cruz,208
208,Rainey,209
209, Dennis and Rainey,210
210, Barbara,211
211,Dershowitz,212
212, Alan M.,213
213,Derouin,214
214, Claire,215
215,Cheng,216
216, Nien,217
217,Clark,218
218, Mary Higgins,219
219,Scully,220
220, Vincent,221
221,Northen,222
222, Rebecca Tyson,223
223,Lang,224
224, Paul Henry,225
225,Morris,226
226, Desmond,227
227,McCartney,228
228, Linda,229
229, Frank,230
230,Hoeye,231
231, Michael,232
232,Truman,233
233, Margaret,234
234,Schirripa,235
235, Steve and Fleming,236
236, Charles,237
237,Elkin,238
238, Stanley,239
239,Bantock,240
240, Nick,241
241,Ballard,242
242,Hayford,243
243, Jack W.,244
244,Pickard,245
245,Jenkins,246
246,Tudor,247
247, Tasha (ILT),248
248,Brown,249
249, Linda Beatrice,250
250,Moser,251
251, Barry (ILT) and Hamilton,252
252, Virginia,253
253,Boswell,254
254,Benjamin,255
255,Sarton,256
256, May,257
257,Brodkey,258
258, Harold.,259
259,Dobson,260
260, James C.,261
261,Freeling,262
262, Nicolas,263
263,Anderson,264
264, Murray,265
265, Kathleen,266
266, and Arnold,267
267, Alli (ILT),268
268,Provoost,269
269, Anne and Nieuwenhuizen,270
270,Colfer,271
271, Eoin,272
272,Baker,273
273, Nicholson,274
274,Bell,275
275, Madison Smartt,276
276,Rocheleau,277
277, Paul (ILT) and Homsen,278
278,Graham,279
279, Katharine,280
280,Walsch,281
281, Neale Donald,282
282,McDowell,283
283, Josh and Hostetler,284
284,Barry,285
285, Dave,286
286,Good,287
287, Phyllis Pellman,288
288,Vachss,289
289, Andrew H.,290
290,Schwartz,291
291, Arthur,292
292,Shulman,293
293, Martha Rose and Drechsler,294
294, Debbie (ILT),295
295,Price,296
296, Reynolds,297
297,Gesue,298
298, Monica (ILT) and Bonnell,299
299, Jennifer,300
300,Davies,301
301, Robertson,302
302,Sears,303
303, Barry and Goodbody,304
304, Mary,305
305,Pipher,306
306, Mary Bray,307
307,Seward,308
308,Barrett,309
309, Patti,310
310,Bales,311
311, Suzanne Frutig,312
312,Batchelor,313
313, John Calvin,314
314,Begley,315
315, Louis,316
316,Linsley,317
317, Leslie,318
318, Aron,319
319, Jon (PHT),320
320, and Savonen,321
321, Robby (ILT),322
322,Ferris,323
323, Timothy,324
324,Weil,325
325, Andrew,326
326,Gillespie,327
327, Jane,328
328,Amos,329
329, Deborah,330
330,Vinge,331
331, Vernor,332
332,Orman,333
333, Suze,334
334,Gilbert,335
335,Penner,336
336, Clifford and Penner,337
337, Joyce,338
338,Vaganova,339
339, A. Ia.,340
340,Hinn,341
341, Benny,342
342,Schulz,343
343, Charles M. and Larkin,344
344, David (EDT),345
345,Moyers,346
346, Bill D.,347
347, Grubin,348
348, and Haba,349
349,Johnson,350
350, Dave and Housenbold,351
351, Jeffrey,352
352,Williams,353
353, Neville,354
354,Sadie,355
355,Santelli,356
356,Robbins,357
357, Alexandra,358
358,Enroth,359
359, Ronald,360
360,Kavanaugh,361
361, James J,362
362,Rosenfeld,363
363, Harvey,364
364,Ripken,365
365, Cal,366
366, Jr. and Bryan,367
367, Mike,368
368,Rand,369
369, Ted (ILT),370
370, Martin,371
371, and Archambault,372
372,Bykofsky,373
373, Sheree and Sander,374
374, Jennifer Basye,375
375,Waldman,376
376, Ayelet,377
377,Ryan,378
378, Alan (EDT),379
379,Brinkman,380
380, Rick and Kirschner,381
381,Hannity,382
382, Sean,383
383,Shakespeare,384
384, William and Hibbard,385
385, G. R. (EDT),386
386,Synge,387
387, John Millington and Saddlemyer,388
388, Ann (EDT),389
389,Westheimer,390
390, Ruth K. and Kaplan,391
391, Steven,392
392,Hartmann,393
393, William K.,394
394,Hammerschlag,395
395, Carl A.,396
396,Dixon,397
397, Dougal and Burton,398
398,Bauer,399
399, Joan,400
400,Dickens,401
401, Charles and Sanders,402
402, Andrew (EDT),403
403,Neimark,404
404, Jill,405
405,Melton,406
406, J. Gordon,407
407, William and Holland,408
408, Peter (EDT),409
409,Jacques,410
410, Brian and Chalk,411
411, Gary (ILT),412
412,Bodanis,413
413,McCaffrey,414
414, Anne,415
415,Winn,416
416,Mayo Clinic (COR) and Buettner,417
417, Helmut (EDT),418
418,Martinez,419
419, Victor,420
420,Garrity,421
421, John (INT) and Bishop,422
422, Schuyler (EDT),423
423,Chopra,424
424, Deepak,425
425,Brabec,426
426,Bowen,427
427,Frame,428
428, Jeron Ashford and Holladay,429
429, Scott (ILT),430
430,Peterson,431
431,James,432
432, Henry and Bradbury,433
433, Nicola (EDT),434
434,Bridges,435
435, William,436
436,Butterfield,437
437, Herbert,438
438,Silver,439
439, Burton,440
440,Thurman,441
441, Robert A. F.,442
442,Baudez,443
443, Claude F. and Picasso,444
444, Sydney,445
445,Erman,446
446, Adolf,447
447,Zatz,448
448, Aline and Zatz,449
449, Joel,450
450,Henderson,451
451, John S.,452
452,Turner,453
453, Stansfield,454
454,Mayer,455
455, Henry,456
456,Adler,457
457, David A. and Natti,458
458, Susanna (ILT),459
459,Chabon,460
460, Reynolds (EDT),461
461,Schumacher,462
462,Burgess,463
463, Melvin,464
464,Malone,465
465, Maggie,466
466,McCubbin,467
467, Hamilton I. (EDT),468
468,Gibson,469
469, Gregory,470
470,Liang,471
471, Zhang (COM),472
472, Nathan,473
473, Andrew J. (EDT),474
474, Link,475
475, Perry (EDT),476
476, Andrew J.,477
477, Zhang,478
478, Liang,479
479, E. Perry (EDT),480
480, Liang (EDT),481
481, E. Perry,482
482, and Liang,483
483,Woititz,484
484, Janet Geringer,485
485,Fell,486
486, Derek and Erler,487
487, Catriona,488
488,Mellan,489
489, Olivia,490
490,Gerstner,491
491, Louis V.,492
492, Jr.,493
493, Hughes,494
494, Heide,495
495, and Hughes,496
496, Heidi,497
497, Ellen H. (EDT),498
498,Andersen,499
499, Hans Christian,500
500, Levine,501
501, Gail Carson,502
502, Elliott,503
503, Mark (ILT),504
504, and Elliott,505
505, Mark,506
506,O'Mara,507
507, Lesley and Geldart,508
508, William Geldart (ILT),509
509,Boteach,510
510, Shmuel,511
511,Muller,512
512, Marcia,513
513,Heller,514
514,Bolt,515
515,Karon,516
516, Jan and Weidner,517
517, Teri (ILT),518
518,Alvarez Garcia,519
519, Teresa (EDT),520
520, Rodger,521
521, Liam (EDT),522
522, and Ron Diaz,523
523, Elena (EDT),524
524,Fallows,525
525, James M.,526
526,Lidell,527
527, Lucinda,528
528, Sara,529
529, Cooke,530
530, Carola Beresford,531
531, and Porter,532
532, Anthony,533
533,Holland,534
534,Mahnken,535
535,Rubin,536
536, Lillian B.,537
537,Stepp,538
538, Laura Sessions,539
539,Lehmann,540
540, Jay,541
541,Weiss,542
542, Michael J.,543
543,Larson,544
544, Gary,545
545,Shuster,546
546, Bud,547
547,Rogers,548
548, Jim,549
549,Timmerman,550
550, Kenneth R.,551
551,Eiseley,552
552, Loren C.,553
553,Morgan,554
554, Marlo,555
555,McClure,556
556, Stuart,557
557, Scambray,558
558, and Kurtz,559
559, George,560
560,Sexton,561
561,Harbison,562
562, Elizabeth M. and McGowan,563
563,Bloom,564
564,Pritchett,565
565, V. S.,566
566,Navigators,567
567,Davis,568
568, Kenneth C.,569
569,Dale,570
570, Shapiro,571
571, Ronald M.,572
572, and Jankowski,573
573, Mark A.,574
574,Cassirer,575
575, Ernst,576
576, Iooss,577
577, Walter (PHT),578
578, and Vancil,579
579, Mark (EDT),580
580,O'Neil,581
581,L'Engle,582
582, Madeleine,583
583,Lehrer,584
584, Smith,585
585, and Osnos,586
586,Chidekel,587
587, Dana,588
588,Coburn,589
589, Jake,590
590,Dessen,591
591, Sarah,592
592,Rendall,593
593, Ivan,594
594,Graber,595
595, Steven and Lipsman,596
596,Cooley,597
597, Denton A.,598
598, M.D. and Moore,599
599, Carolyn E.,600
600,Oberman,601
601, Lola and Swan,602
602, Joy (ILT),603
603,MacLean,604
604, Norman,605
605, Elizabeth,606
606,Graff,607
607, Marie Louise,608
608,Muhlberger,609
609,Spencer,610
610, Camika,611
611,Plato and Hamilton,612
612, Walter,613
613,Wright,614
614, H. Norman,615
615,Coville,616
616,Lumb,617
617,Yohn,618
618, Susan M.,619
619,Card,620
620, Emily and Kelly,621
621, Christie Watts,622
622,Finch,623
623, Phillip,624
624,Welsh,625
625, Alexander,626
626,Bragdon,627
627, Allen D.,628
628,Kelly,629
629, Kate,630
630,Jackson,631
631, Albert and Day,632
632,Smyth,633
633, Charles Piazzi,634
634,Bergen,635
635, Peter L.,636
636,DiSpirito,637
637, Rocco,638
638, Leutwyler,639
639, and Sherer,640
640, Kris,641
641,Wegman,642
642, Kismaric,643
643, Carole,644
644, and Heiferman,645
645, Marvin,646
646,Gardenway Book (EDT),647
647,International Center of Photography (PHT),648
648, Hollander,649
649, Anne (EDT),650
650, Handy,651
651, Ellen (EDT),652
652, and Handy,653
653, Ellen,654
654,Armstrong,655
655,McCain,656
656, John and Salter,657
657,Timperlake,658
658, Edward and Triplett,659
659, William C.,660
660, II,661
661,Giff,662
662, Patricia Reilly,663
663,Pearson,664
664, Carol S.,665
665,Yerby,666
666,Franey,667
667, Pierre,668
668, Jarrett,669
669, Lauren (ILT),670
670, and Flaste,671
671,Boardman,672
672,Goldberg,673
673, Bernard,674
674,Bender,675
675,Smallin,676
676, Donna,677
677,MacNelly,678
678, Jeff and Margolis,679
679, Jon,680
680,Sanders,681
681,Ovid,682
682, Melville,683
683, A. D. (TRN),684
684, and Kenney,685
685, E. J. (INT),686
686,Zola,687
687, Emile,688
688, Collier,689
689, Peter (TRN),690
690, and Lethbridge,691
691, Robert (TRN),692
692,California Coastal Commission,693
693, Caughman,694
694, Madge,695
695, and Ginsberg,696
696, Joanne S.,697
697,Kalman,698
698, Bobbie,699
699,Dillard,700
700, J. M. and Dillar,701
701, J. M.,702
702,Fox,703
703, Michael W.,704
704,Barber,705
705, Phil and Didinger,706
706, Ray,707
707,Caudill,708
708, Maureen,709
709,Fleming,710
710,"""Better Homes and Gardens""",711
711, Thomas (EDT),712
712,Rust,713
713, Art and Marley,714
714, Jim and Wallace,715
715, Carol,716
716,Berry,717
717, Laura Ashley (Firm) (COR),718
718, Ashley,719
719, Laura,720
720, and Kuscenko,721
721, Valerie (EDT),722
722,Eisler,723
723, Kim Isaac,724
724,National Criminal Justice Commission (U. S.) (COR) and Donziger,725
725, Steven A. (EDT),726
726,Wilner,727
727, Abby and Stocker,728
728, Catherine,729
729,Frohnmayer,730
730,Sullivan,731
731, Mary Beth and Bourke,732
732,Ackerman,733
733, Robert J.,734
734,Evans,735
735, Walker and Rathbone,736
736, Belinda,737
737,Georgano,738
738, G. N.,739
739,Stevenson,740
740, Robert Louis and Letley,741
741, Emma,742
742,Jeffcoat,743
743, A. E.,744
744,Lewis,745
745,Dyer,746
746, Wayne W.,747
747,Balcomb,748
748, Foster,749
749, Larry,750
750, and Minasian,751
751, Stanley M.,752
752,White,753
753, E. B. and Thurber,754
754,Hoagland,755
755,Antoniou,756
756,Hobhouse,757
757, Penelope and McDonald,758
758, Elvin (CON),759
759,Walsh,760
760, Helen,761
761,Prose,762
762, Francine,763
763,Findley,764
764,Simon,765
765,Dallek,766
766,Maddox,767
767, Brenda,768
768,Stewart,769
769,Sicherman,770
770, Barbara (EDT) and Green,771
771, Carol Hurd (EDT),772
772,Furgurson,773
773, Ernest B.,774
774,Swindoll,775
775, Charles R.,776
776,Snow,777
777, Kimberley,778
778,Edward,779
779,Nowinski,780
780, Joseph,781
781,The New Yorker,782
782,Joy,783
783, Anna,784
784,Blackstone,785
785, Margaret and Snyderman,786
786, Nancy L.,787
787, M.D.,788
788,Graver,789
789,Sharma,790
790, Akhil,791
791,Seigel,792
792,Cotterell,793
793,Heilbrun,794
794, Carolyn G.,795
795,Grossman,796
796, David and Rosenberg,797
797, Betsy (TRN),798
798,Sunset Books,799
799,Degrandpre,800
800, Richard J.,801
801,Kluger,802
802,Simons,803
803, Robin,804
804,Birkhead,805
805, Mike and Birkhead,806
806, Tim,807
807,Libo,808
808, Kenneth and Howe,809
809, Irving,810
810,Fowler,811
811,Munson,812
812, Ronald and Hoffman,813
813, Christopher A.,814
814,Spada,815
815,Nakashima,816
816,McCullough,817
817,Cooke,818
818, Alistair,819
819, Li,820
820,Jacobs,821
821, Harriet,822
822, Child,823
823, Lydia Maria Francis,824
824, and Brent,825
825, L.,826
826,Springer,827
827,Macy,828
828, Caitlin,829
829,Zwerdling,830
830, Alex,831
831,Jewell,832
832, Diana Lewis,833
833, Rex (ILT),834
834, and Rex,835
835,Jamison,836
836, Cheryl Alters,837
837, Jamison,838
838, and Shaw,839
839,Ferber,840
840,Alter,841
841, Moira and Deuchar,842
842, Ian (ILT),843
843,Greenleaf,844
844,Mairs,845
845,Cole,846
846, Benjamin and Gurr,847
847, Nadine,848
848,Winokur,849
849, Jon (EDT),850
850,Gale,851
851, Harold,852
852,Okrent,853
853, Daniel,854
854,Stack,855
855, Carol B.,856
856, Francisco and Golman,857
857, Francisco,858
858,Merry,859
859, Robert W.,860
860,Sulloway,861
861, Frank J.,862
862,Mariners' Museum (Newport News,863
863, Va.) (COR),864
864, Geer,865
865, George S. (EDT),866
866, and Marvel,867
867, William (EDT),868
868,Lester,869
869, Joan Steinau and Norton,870
870, Eleanor Holmes,871
871,Shivers,872
872, Frank R.,873
873,Busch,874
874, Frederick,875
875,Maier,876
876, Paul L.,877
877,Levine,878
878, Kathy,879
879, Scovell,880
880, and Appleton,881
881, Amy Sarah,882
882,Kuklin,883
883,York,884
884, Sarah Mountbatten-Windsor,885
885, Duchess of,886
886,Freedman,887
887, Estelle B. and D'Emilio,888
888,Medved,889
889, Anistatia R. and Brown,890
890, Jared M.,891
891,Blackmur,892
892, R. P,893
893,Bausch,894
894,Hundt,895
895, Reed E.,896
896,Krauzer,897
897, Steven M.,898
898,Omartian,899
899, Stormie,900
900, Paul M.,901
901,Parker,902
902, Robert M.,903
903,Jordan,904
904, Larry E,905
905,Diagram Group,906
906,Gulland,907
907, Karen,908
908,Collins,909
909, Jackie,910
910, Mark E.,911
911,Patterson,912
912, Debbie (PHT),913
913, Thompson,914
914, and Coe,915
915, Miriam,916
916, William and Seward,917
917, Tim (EDT),918
918,Goodman,919
919, Jordan Elliot and Bloch,920
920, H. I. Sonny,921
921,Allen,922
922, Charles L.,923
923,Leuchtenburg,924
924, William E.,925
925,MacKin,926
926,Stuart,927
927, Sandra Lee,928
928,Desalvo,929
929, Louise,930
930, D'Arcy,931
931, Kathleen Walsh,932
932, and Hogan,933
933, Katherine,934
934,Segil,935
935, Larraine,936
936,Sharpe,937
937, Tom,938
938,Barker,939
939, Joel Arthur,940
940, Gina,941
941,Garner,942
942, Joe,943
943,Moe,944
944, Richard and Wilkie,945
945, Carter,946
946,Kimber,947
947, Rita (TRN),948
948, Kimber,949
949, and Muller,950
950, Melissa,951
951,Izzo,952
952, John B. and Klein,953
953, Eric,954
954,Kraybill,955
955, Donald B.,956
956, Michael S.,957
957,Rosemond,958
958,Drape,959
959,Paton,960
960, Bruce C.,961
961,Smithsonian Institution (COR) and Hirzy,962
962, Ellen Cochran (EDT),963
963,Moriarty,964
964,Gleason,965
965, Michael P.,966
966,Avi and Floca,967
967, Brian (ILT),968
968,Krasemann,969
969, Stephen J.,970
970,Vanzant,971
971, Iyanla and Wilcots,972
972, Almasi,973
973, Iyanla,974
974,Rosenthal,975
975,Thompson,976
976,Jackowski,977
977, Edward J.,978
978, Ph.D. and Jeffers,979
979, Youzell (ILT),980
980,Brouwer,981
981, Sigmund,982
982,Abby Aldrich Rockefeller Folk Art Museum,983
983,Depalma,984
984, Kathleen A.,985
985,WOLTERS,986
986, RICHARD A.,987
987,Von Matthiessen,988
988, Maria,989
989,Jourard,990
990, Sidney M.,991
991,Holman,992
992, Sheri,993
993,Pearsall,994
994, Margaret E.,995
995, Gerald White,996
996,Fisher,997
997,Vaughan,998
998, Susan C.,999
999,Willoughby,1000
1000, Lee Davis,1001
1001,Wiilds,1002
1002, Claudia,1003
1003,Briggs,1004
1004, Kenneth A.,1005
1005,Rothwax,1006
1006, Harold J.,1007
1007,Lukas,1008
1008, J. Anthony,1009
1009,Gies,1010
1010,Monteleone,1011
1011, John J. and Rickey,1012
1012, Branch,1013
1013,Gleick,1014
1014,Heimel,1015
1015, Cynthia,1016
1016,Rodgers,1017
1017, Rick and Delta Queen Steamboat Co.,1018
1018,Mazel,1019
1019,Rinzler,1020
1020, Carol Ann,1021
1021,Lerner,1022
1022, Harriet Goldhor,1023
1023,Grauer,1024
1024, Neil A.,1025
1025,Strohmeyer,1026
1026, Julia,1027
1027,Ed,1028
1028, Sunset,1029
1029,Heilbroner,1030
1030, David and Keeney,1031
1031,Lehman,1032
1032,Albert,1033
1033, Michael (EDT) and Dellinger,1034
1034, Dave (EDT),1035
1035,Katz,1036
1036,McClelland,1037
1037, Deke and McClelland,1038
1038, Linda (PHT),1039
1039, Clare,1040
1040, and Clare,1041
1041, Diane,1042
1042, Brooks,1043
1043, Darmon,1044
1044, Reed,1045
1045, and Adams,1046
1046, Beth (ILT),1047
1047,Effinger,1048
1048, George Alec,1049
1049,Silverman,1050
1050, Al (EDT),1051
1051,Mizener,1052
1052,Rosenzweig,1053
1053,Grimes,1054
1054, Galen,1055
1055,Slung,1056
1056, Michele and Lindbergh,1057
1057, Reeve (INT),1058
1058,Purdum,1059
1059, Todd S.,1060
1060, Dick and McGann,1061
1061, Eileen,1062
1062,Cooper,1063
1063, Sarah (EDT),1064
1064,Hallberg,1065
1065,West,1066
1066, Cornel and Sealey,1067
1067, Kelvin Shawn,1068
1068,Long,1069
1069, Courtney,1070
1070,Harrison,1071
1071, Barbara Grizzuti,1072
1072,Aldiss,1073
1073, Brian Wilson,1074
1074,Barnett,1075
1075, A. Doak (EDT),1076
1076,Perkowitz,1077
1077, Sidney,1078
1078,Boyne,1079
1079, Walter J.,1080
1080,Markham,1081
1081, Beryl,1082
1082,Jensen,1083
1083, Eric and McPherson,1084
1084, Charles (ILT),1085
1085,Young,1086
1086, John Robert,1087
1087,Cosby,1088
1088, Bill (FRW),1089
1089, Croce,1090
1090, and Lyon,1091
1091,Raymer,1092
1092, Dottie,1093
1093, Jacobson,1094
1094, and Parent-Teacher Advisory Board (COR),1095
1095,Krauss,1096
1096, Pesach,1097
1097,Branscomb,1098
1098, Lewis M. (EDT),1099
1099,Mitchell,1100
1100, Kirk,1101
1101,National Museum of American Art (U. S.) (COR),1102
1102, Driesbach,1103
1103, Janice Tolhurst,1104
1104, Jones,1105
1105, Holland,1106
1106, Katherine Church,1107
1107, Oakland Museum (COR),1108
1108, and Crocker Art Museum (COR),1109
1109,Garisto,1110
1110,Tannen,1111
1111,Burchard,1112
1112, Cleanth,1113
1113,Chodorow,1114
1114, Nancy J.,1115
1115,Wolfe,1116
1116, Alan,1117
1117,Seranne,1118
1118, Ann,1119
1119,Better Homes and Gardens Books,1120
1120,Chancellor,1121
1121,Hale,1122
1122, Gloria (EDT),1123
1123,Magruder,1124
1124,Wilkinson,1125
1125,Williamson,1126
1126, Marianne,1127
1127,Kelley,1128
1128, Brent,1129
1129,Hirsch,1130
1130, E. D. (EDT),1131
1131,Dornfest,1132
1132, Rael and Hemenway,1133
1133,Friedman,1134
1134, Kinky,1135
1135,Lessa,1136
1136, Christina,1137
1137, Brian and Schoenherr,1138
1138,Benchley,1139
1139,Greeley,1140
1140, Andrew M.,1141
1141,Hall,1142
1142, Stephen S.,1143
1143,Douglas,1144
1144,Green,1145
1145, Gordon W.,1146
1146,Ideals Publications Inc,1147
1147,Turtledove,1148
1148, Harry,1149
1149,Blackwell,1150
1150, Lawana,1151
1151,Garrison,1152
1152, Webb B.,1153
1153, Barbara Radcliffe and Rogers,1154
1154, Stillman,1155
1155,Montandon,1156
1156,Chessman,1157
1157, Harriet Scott,1158
1158,Sweet,1159
1159, Melissa (ILT) and Bridges,1160
1160, Margaret Park,1161
1161,McCall Smith,1162
1162,Andes,1163
1163,Steinberg,1164
1164,Keith,1165
1165, Kent M.,1166
1166,Burton,1167
1167, William Westbrook (EDT),1168
1168,Hope,1169
1169,Suares,1170
1170, Jean-Claude,1171
1171,Herrmann,1172
1172,Yamanaka,1173
1173, Lois-Ann,1174
1174,Felske,1175
1175, Coerte V. W.,1176
1176,Hampton,1177
1177, Christopher,1178
1178,Eversz,1179
1179,Renggli,1180
1180, Seppi,1181
1181,Church,1182
1182, F. Forrester,1183
1183,Hodge,1184
1184, Susan Winslow (EDT),1185
1185,Blake,1186
1186, Wendon,1187
1187,Hirsh,1188
1188,Brighton,1189
1189, Flora and Shuckburgh,1190
1190, Julian,1191
1191,Bowman,1192
1192, Marjorie A. (EDT) and Fisher,1193
1193, Judith A. (EDT),1194
1194,Sucher,1195
1195, Dorothy,1196
1196,Costello,1197
1197, Peter and Jackson,1198
1198, John Wyse,1199
1199,Hochschild,1200
1200, Arlie Russell and Machung,1201
1201,Meisel,1202
1202, Anthony C.,1203
1203,Liberman,1204
1204,Stephens,1205
1205, Gloria and Yamazaki,1206
1206, Tetsu (PHT),1207
1207,Carper,1208
1208, Jean,1209
1209,Falkner,1210
1210, David and Morgan,1211
1211,Maas,1212
1212,Darden,1213
1213, Ellington,1214
1214,Flegg,1215
1215,Ayres,1216
1216, E. C.,1217
1217,Harrisson,1218
1218, Coleman,1219
1219, and Hagan,1220
1220, Candace,1221
1221,Alexander,1222
1222, Adele Logan,1223
1223,McNamara,1224
1224, Robert S. and Blight,1225
1225, James G.,1226
1226,Moats,1227
1227,Laski,1228
1228, Marghanita,1229
1229,McCann,1230
1230, Colum,1231
1231, Gail,1232
1232, Martin W. and Bunce,1233
1233, Patrick (PHT),1234
1234,Swanson,1235
1235, James L.,1236
1236,O'Connor,1237
1237, Philip F.,1238
1238,Viehl,1239
1239, S. L.,1240
1240,Lunden,1241
1241, Joan and Morton,1242
1242,Forsyth,1243
1243, Donelson R.,1244
1244,Brox,1245
1245,Reese,1246
1246,Butler,1247
1247, Robert Olen,1248
1248,By,1249
1249, Joann,1250
1250,Anthony,1251
1251, Piers,1252
1252,Janicak,1253
1253, Philip G.,1254
1254, Davis,1255
1255, John M.,1256
1256, Preskorn,1257
1257, Sheldon H.,1258
1258, and Ayd,1259
1259,Hart,1260
1260, Russell and Richards,1261
1261, Dan,1262
1262,Perkins,1263
1263,Nicol,1264
1264, Rosemary,1265
1265,Jones,1266
1266, Jacqueline,1267
1267, Alison,1268
1268,Time-Life Books (COR),1269
1269,Salzman,1270
1270,Harris,1271
1271, Mark and Boswell,1272
1272,Lamb,1273
1273,Reekie,1274
1274, Jennie,1275
1275,Nolan,1276
1276, Han,1277
1277,Garrett,1278
1278,Hattaway,1279
1279, Herman,1280
1280,New York Public Library (COR),1281
1281, Diefendorf,1282
1282, Elizabeth (EDT),1283
1283, and Bryan,1284
1284, Diana (ILT),1285
1285,Fail,1286
1286, Frederick (EDT),1287
1287,Beck,1288
1288, Timothy James,1289
1289,Oster,1290
1290, Maggie and Gilbertie,1291
1291, Sal,1292
1292,Groening,1293
1293, Matt,1294
1294,Shreve,1295
1295, Anita,1296
1296,Senay,1297
1297, Edward C.,1298
1298, Anne C. and Stewart,1299
1299, Abigail J. (EDT),1300
1300,Hemley,1301
1301,Lilienfeld,1302
1302, A. M.,1303
1303, Lilienfeld,1304
1304, D.,1305
1305,Hospital,1306
1306, Janette Turner,1307
1307,Braddon,1308
1308, Russell (CON),1309
1309,Quesada,1310
1310, Roberto and St. Martin,1311
1311, Hardie (TRN),1312
1312,Kanellos,1313
1313, Nicolas (EDT),1314
1314,Baack,1315
1315, Donald and Baack,1316
1316,Waters,1317
1317, Hastreiter,1318
1318, Kim (EDT),1319
1319, and Hershkovits,1320
1320,Edelman,1321
1321, Ric,1322
1322,Linden,1323
1323, Russell M.,1324
1324,Trudeau,1325
1325, G. B.,1326
1326,McKinney,1327
1327, Don,1328
1328,Sheehy,1329
1329,Hawkes,1330
1330, Nigel,1331
1331,Sennett,1332
1332,Junior League of the City of New York (COR),1333
1333, Merton D. and Bernstein,1334
1334, Joan Brodshaug,1335
1335,Toland,1336
1336,Menten,1337
1337,Hentoff,1338
1338, Nat,1339
1339,Rhodes,1340
1340, Richard (EDT),1341
1341,Rivele,1342
1342,Bainbridge,1343
1343,Lebon,1344
1344, Marilee,1345
1345,Howe,1346
1346, Irving and Howe,1347
1347, Nicholas (EDT),1348
1348,Osherson,1349
1349, Samuel,1350
1350,Stearns,1351
1351, Beverly Peterson and Stearns,1352
1352, Stephen C.,1353
1353,Plowman,1354
1354,Griggs,1355
1355, Lewis (EDT) and Louw,1356
1356, Lente-Louise (EDT),1357
1357,Humes,1358
1358,Donoghue,1359
1359,Rosenblatt,1360
1360, Roger,1361
1361,Meyer,1362
1362, Sheldon (EDT) and Leuchtenburg,1363
1363, William E. (EDT),1364
1364, William and Finamore,1365
1365, Frank J. (EDT),1366
1366,Lande,1367
1367, Nathaniel,1368
1368,Diggins,1369
1369, John Patrick,1370
1370,Johanson,1371
1371, Donald C. and O'Farrell,1372
1372,MacManus,1373
1373, Seumas,1374
1374,Jaconette,1375
1375,Donovan,1376
1376, Josephine,1377
1377,Coleman,1378
1378, James Smoot and Sklar,1379
1379, Richard L. (EDT),1380
1380,Wain,1381
1381,Stinson,1382
1382,Scientific American,1383
1383,Vancil,1384
1384,Cruickshank,1385
1385, Allan D.,1386
1386,Nelson,1387
1387, Keith L and Olin,1388
1388, Spencer C.,1389
1389,Ungar,1390
1390, Sanford J.,1391
1391,Leithauser,1392
1392, Brad,1393
1393,Warren,1394
1394, Neil Clark,1395
1395,Geballe,1396
1396, Shelley,1397
1397, Gruendel,1398
1398, Janice,1399
1399, and Andiman,1400
1400, Warren (EDT),1401
1401,McConkey,1402
1402,Haruf,1403
1403, Kent,1404
1404,Kirkpatrick,1405
1405,Irvine,1406
1406,Harte,1407
1407, John and Kamp,1408
1408, Len (ILT),1409
1409, Lynne Sharon,1410
1410,Gill,1411
1411, Laverne McCain,1412
1412,Burnham,1413
1413, Alexander (EDT),1414
1414,Hedin,1415
1415, Robert A. (EDT) and Holthaus,1416
1416, Gary (EDT),1417
1417,Mickiewicz,1418
1418,O'Rourke,1419
1419, P. J. (EDT),1420
1420,Schneider,1421
1421, Deborah Lucas (TRN) and Ermarth,1422
1422, Michael (EDT),1423
1423,Rosser,1424
1424, Sue V.,1425
1425,Crane,1426
1426,Bush,1427
1427, George W. and Krugman,1428
1428, Paul R.,1429
1429,Miles,1430
1430, T. R. and Miles,1431
1431, Elaine,1432
1432,Dicks,1433
1433, Terrance,1434
1434,Campbell,1435
1435,Woodward,1436
1436, Judith Wright,1437
1437, H. T.,1438
1438,Wollheim,1439
1439, Elizabeth R. (EDT) and Gilbert,1440
1440, Sheila E. (EDT),1441
1441,Kosta,1442
1442,Thomson,1443
1443, Sarah L. and Hague,1444
1444,Raeburn,1445
1445, Paul and Golombek,1446
1446, Matthew P. (FRW),1447
1447, Jean Baker,1448
1448,Sewell,1449
1449, Marilyn (EDT),1450
1450, John A.,1451
1451,Middleton,1452
1452, Michael L.,1453
1453,Roth,1454
1454, Susan A.,1455
1455, Ireland-Gannon Associates (COR),1456
1456, Lang,1457
1457, Skibinski,1458
1458, Ray (EDT),1459
1459, and Susan A. Roth & Company (COR),1460
1460, Jeffree Sapp,1461
1461,Bosworth,1462
1462, Sheila,1463
1463,Gustafson,1464
1464,Roat,1465
1465, Ronald Clair,1466
1466,Hilton,1467
1467, Lisa,1468
1468,Howells,1469
1469, William Dean,1470
1470, Evans,1471
1471, Richard Paul,1472
1472, and Dimarco,1473
1473, Gina (ILT),1474
1474,Howlett,1475
1475,McGowan,1476
1476, Helene,1477
1477,Zimmerman,1478
1478, Linda and Gilliland,1479
1479, Gerri,1480
1480, Gibson,1481
1481, Rex (EDT),1482
1482, and Andrews,1483
1483,Everett,1484
1484, Joyce E. (EDT),1485
1485, Chipungu,1486
1486, Sandra S. (EDT),1487
1487, and Leashore,1488
1488, Bogart R. (EDT),1489
1489,Ireland-Gannon Association,1490
1490, Theodore,1491
1491,Heppenheimer,1492
1492, T. A.,1493
1493,Daphne,1494
1494,ed. Rebecca Brennan~Lauren Brooks~Julie Fisher Gunter,1495
1495, Nora Vitz,1496
1496,Drummond,1497
1497, John Keith,1498
1498,Fishman,1499
1499, Cathy Goldberg and Hall,1500
1500, Melanie W. (ILT),1501
1501,Birmingham,1502
1502, Christian (ILT) and Bucher,1503
1503, Elaine M. (EDT),1504
1504,Bracey,1505
1505, Hyler,1506
1506, Rosenblum,1507
1507, Jack,1508
1508, Sanford,1509
1509, Aubrey,1510
1510, and Trueblood,1511
1511, Roy,1512
1512,Farmer,1513
1513, Philip Jose,1514
1514, Jordan,1515
1515, Judith V.,1516
1516, Kaplan,1517
1517, Alexandra G.,1518
1518, Stiver,1519
1519, Irene P.,1520
1520, and Surrey,1521
1521, Janet L.,1522
1522,Watkins,1523
1523, T. H.,1524
1524,Wills,1525
1525,Remington,1526
1526, Frederic,1527
1527,Lefever,1528
1528, Ernest W.,1529
1529,Denner,1530
1530,Groneman,1531
1531, William F. and Robinson,1532
1532, Mary (FRW),1533
1533,Birkby,1534
1534, Evelyn,1535
1535,Hay,1536
1536,Thorold,1537
1537,Brock,1538
1538, Darryl,1539
1539,Mui,1540
1540, Pearce,1541
1541, and O'Reilly,1542
1542,Taylor,1543
1543, Elizabeth and Cohen,1544
1544, Adam,1545
1545,Terman,1546
1546, Max R.,1547
1547,Motz,1548
1548,Chute,1549
1549, Carolyn,1550
1550,Conason,1551
1551,O'Connell,1552
1552,Cerutti,1553
1553, Dan (EDT) and Pierson,1554
1554, Donna (EDT),1555
1555,Ehrlich,1556
1556, Gretel,1557
1557,Coffin,1558
1558,Cobb,1559
1559,Geer,1560
1560, Charles (ILT) and Sorensen,1561
1561,Robertson,1562
1562,Porter,1563
1563, Katherine Anne,1564
1564,Halberstam,1565
1565,Quinn,1566
1566, Patricia O. (EDT),1567
1567,Thornton,1568
1568, Lawrence,1569
1569,Gingold,1570
1570, Alfred and Buskin,1571
1571,Seaver,1572
1572, Tom and Appel,1573
1573,O'Donnell,1574
1574, Rosie (EDT) and Rosie O'Donnell Show (Television Program) (COR),1575
1575, Bruce and Smith,1576
1576, Brian (CON),1577
1577,Farrand,1578
1578, Phil,1579
1579,Morn,1580
1580, September B.,1581
1581,Kinneir,1582
1582,Eddison,1583
1583, Sydney and Bussolini,1584
1584, Karen (PHT),1585
1585,Lowe,1586
1586, Jacques,1587
1587, Sidey,1588
1588, Hugh,1589
1589, and Wolfe,1590
1590, Tom (INT),1591
1591,McGraw,1592
1592,McCullough-Dieter,1593
1593, Carol and Dana,1594
1594, Ned (FRW),1595
1595,Kammen,1596
1596, Michael G,1597
1597,Yenne,1598
1598, Speer and Michalson,1599
1599, Greg (EDT),1600
1600,Humez,1601
1601, Alexander and Humez,1602
1602, Nicholas,1603
1603,Hoppel,1604
1604, Joe and Carter,1605
1605, Craig (EDT),1606
1606, Carl Sferrazza,1607
1607,Heinlein,1608
1608, Robert A. and Heinlein,1609
1609, Jacqueline (ILT) and Cleary,1610
1610, Beverly,1611
1611,Russell,1612
1612, Sharman Apt,1613
1613,Soares,1614
1614, Jo and Landers,1615
1615, Clifford E. (TRN),1616
1616,Hightower,1617
1617, A. G.,1618
1618,Saveur (COR),1619
1619,Lewin,1620
1620,Ewing,1621
1621, Lynne,1622
1622,Brigham,1623
1623, Deirdre Davis,1624
1624, Adelaide,1625
1625, and Cameron-Sampey,1626
1626, Derry,1627
1627,Lincoln,1628
1628, W. Bruce,1629
1629,Kimmel,1630
1630, Haven,1631
1631, David and Taylor,1632
1632,Dortch,1633
1633, Richard W.,1634
1634, Michael T.,1635
1635,Woodruff,1636
1636,Editors of Reader's Digest,1637
1637,Fulghum,1638
1638,Zemke,1639
1639, Ron and Anderson,1640
1640, Kristin,1641
1641,Steinfels,1642
1642,Thurber,1643
1643,Cawley,1644
1644, Richard and Patterson,1645
1645,Vernon,1646
1646, Olympia,1647
1647,Nichols,1648
1648,Kubiak,1649
1649, Greg D.,1650
1650,Wormell,1651
1651, Christopher (ILT) and Sevilla,1652
1652, Maria Jose,1653
1653,Kuh,1654
1654, Patric,1655
1655,Serure,1656
1656, Pam and Jones,1657
1657, Peggy,1658
1658,Mailer,1659
1659,Chambers,1660
1660, Aidan,1661
1661,Golden,1662
1662,Weiner-Davis,1663
1663, Michele,1664
1664,Monet,1665
1665, Claude,1666
1666,Peale,1667
1667, Norman Vincent,1668
1668,Stadelmann,1669
1669,Franz,1670
1670, Weiss,1671
1671, Moore,1672
1672, Paul (PHT),1673
1673, Tower,1674
1674, Jeremiah (FRW),1675
1675, Kuleto,1676
1676, Pat (FRW),1677
1677, and Farallon (Restaurant) (COR),1678
1678,Salmansohn,1679
1679, Karen and Krauss,1680
1680, Trisha (ILT),1681
1681,Lara,1682
1682, Adair and Bikadoroff,1683
1683, Roxanna (ILT),1684
1684, Louis Decimus,1685
1685, Anne and Ball,1686
1686,Cook,1687
1687, Ferris (EDT) and Cook,1688
1688, Ferris (ILT),1689
1689, Suzanne,1690
1690,Dean,1691
1691, Zoey,1692
1692,Andre,1693
1693, Mary Lou,1694
1694, Anna Carrick,1695
1695, Forester,1696
1696, Rosamund,1697
1697, and Gibbs,1698
1698, Jenny (CON),1699
1699,Weatherford,1700
1700,Grazer,1701
1701, Gigi Levangie,1702
1702,Creamer,1703
1703,Dunn,1704
1704,Rooney,1705
1705, Andrew A.,1706
1706,Carville,1707
1707,Stroud,1708
1708, Jonathan,1709
1709,Redfield,1710
1710, Lillegard,1711
1711, Dee,1712
1712, and Morrissey,1713
1713, Dean (ILT),1714
1714,Noguchi,1715
1715, Thomas T.,1716
1716,Hamlin,1717
1717, Sonya,1718
1718,Stoppard,1719
1719,Stokes,1720
1720, Penelope J.,1721
1721,Day,1722
1722, Barry,1723
1723,Potter,1724
1724, Beverly A.,1725
1725, Orfali,1726
1726, Sebastian,1727
1727, and Scott,1728
1728, Gini Graham,1729
1729,Iritz,1730
1730, Maxine Haren,1731
1731,Atkins,1732
1732, Robert C.,1733
1733, M.D. and Gare,1734
1734, Fran,1735
1735,Eisenberg,1736
1736, Arlene,1737
1737,Telander,1738
1738,Teresa,1739
1739, Mother and Gonzalez-Balado,1740
1740, Jose Luis,1741
1741,Guest,1742
1742,Crispin,1743
1743, A. C.,1744
1744,Miroff,1745
1745,Tucker,1746
1746, Kenneth A. and Allman,1747
1747, Vandana,1748
1748,Letts,1749
1749, Billie,1750
1750,Hosp,1751
1751,Sedaris,1752
1752,Touchstone Television,1753
1753,Faber,1754
1754, Adele and Mazlish,1755
1755,Wells,1756
1756,Hayt,1757
1757,Rodriguez,1758
1758,Plum-Ucci,1759
1759,Borgenicht,1760
1760, Joe and Borgenicht,1761
1761,O'Brien,1762
1762, Cormac and Suteski,1763
1763, Monika (ILT),1764
1764,Gladstone,1765
1765, Jon E. (EDT),1766
1766,Tiger,1767
1767,Blanco,1768
1768, Jodee,1769
1769, Hettie and Parker,1770
1770, Robert Andrew (ILT),1771
1771, A. C. (EDT),1772
1772,Noor,1773
1773, Queen,1774
1774, consort of Hussein,1775
1775, King of Jordan,1776
1776,Conrad,1777
1777, Charlie (EDT) and Keen,1778
1778, Sam,1779
1779, Martha and Gallagher,1780
1780, Dana (PHT),1781
1781,Bronson,1782
1782, Po,1783
1783,Sansone,1784
1784, Leslie and Jacobsen,1785
1785, Rowan,1786
1786,Kincaid,1787
1787, Nanci,1788
1788, Rachael,1789
1789,Martin,1790
1790, Steve,1791
1791, Douglas J. and Child,1792
1792, Lincoln,1793
1793, C. S.,1794
1794,Shenkman,1795
1795,Stall,1796
1796, Brunner,1797
1797, Kepple,1798
1798, Paul (ILT),1799
1799, and Buffum,1800
1800, Jude (ILT),1801
1801, Worick,1802
1802, and Jost,1803
1803, Larry (ILT),1804
1804,Wilson,1805
1805,Merrill,1806
1806, A. Roger and Merrill,1807
1807, Rebecca R.,1808
1808,Stace,1809
1809, Wesley,1810
1810,Margen,1811
1811, Sheldon,1812
1812,Mahoney,1813
1813,Time-Life Books,1814
1814,Wolkstein,1815
1815, Begin-Callanan,1816
1816, Maryjane (ILT),1817
1817, and Begin,1818
1818,wouk,1819
1819, herman,1820
1820,Feinstein,1821
1821,Ward,1822
1822, Geoffrey C. and Duncan,1823
1823, Dayton,1824
1824,Field,1825
1825, Rachel,1826
1826,Ming,1827
1827, Yao and Bucher,1828
1828,Hitchcock,1829
1829, Jane Stanton,1830
1830, Katy,1831
1831,Mascetti,1832
1832, Manuela Dunn,1833
1833, Roosevelt,1834
1834, David B.,1835
1835, Black,1836
1836, Allida M. (FRW),1837
1837, and Wallace,1838
1838, Mike (INT),1839
1839,Aeschylus,1840
1840,Hanc,1841
1841, John and Waitz,1842
1842, Greta (FRW),1843
1843,Corbett,1844
1844,Granger,1845
1845,Coote,1846
1846,Addington,1847
1847, Larry H.,1848
1848,Rosenberg,1849
1849, Jakob,1850
1850, Slive,1851
1851, Seymour,1852
1852, Ter Kuile,1853
1853, E. H.,1854
1854,Ambrose,1855
1855, Stephen E.,1856
1856,Castro,1857
1857, David (EDT) and Dove,1858
1858, Rita (EDT),1859
1859,Spielman,1860
1860,Noll,1861
1861,Steinem,1862
1862, Gloria,1863
1863, Jayna,1864
1864,Kostova,1865
1865,Ogden,1866
1866, Michael and Day,1867
1867,Greskovic,1868
1868, Jeffrey J.,1869
1869,Cameron,1870
1870,Seierstad,1871
1871, Asne and Christophersen,1872
1872, Ingrid,1873
1873, M. Sara,1874
1874, John (EDT) and Kenedi,1875
1875, Aaron (EDT),1876
1876,Meyers-Thompson,1877
1877, Jackie and Perkins,1878
1878, Sharon,1879
1879, Wayne W. and Dyer,1880
1880, Marcelene,1881
1881,Esch,1882
1882, Natasha,1883
1883,Orr,1884
1884, A.,1885
1885,McGinnis,1886
1886, Terri and Stewart,1887
1887, Pat (ILT),1888
1888,Sherman,1889
1889, Flowers,1890
1890, Betty S.,1891
1891, and Grubin,1892
1892, Paul,1893
1893,Naythons,1894
1894, Matthew,1895
1895, Donna J. and Holland,1896
1896,Giles,1897
1897,McPherson,1898
1898, James M. and Kunstler,1899
1899, Mort,1900
1900,Hopson,1901
1901, Darlene Powell and Hopson,1902
1902, Derek S.,1903
1903,Gray,1904
1904,Kennedy,1905
1905, Terdal,1906
1906, Leif,1907
1907, and Fusetti,1908
1908, Lydia,1909
1909,Kutner,1910
1910,Mighetto,1911
1911, Elisa and Kuykendall,1912
1912,Bird,1913
1913, Kai,1914
1914,Prevention Magazine Health Books and Feltman,1915
1915,Sis,1916
1916, Peter (ILT) and Nicholson,1917
1917,Gallen,1918
1918, Goldman,1919
1919, and Brennan,1920
1920, William J,1921
1921,Heckscher,1922
1922, Melissa and Termine,1923
1923, Athony,1924
1924, M.D. (FRW),1925
1925, Saade,1926
1926, Marriott,1927
1927, Evan (FRW),1928
1928, and Chen,1929
1929, Daniel (ILT),1930
1930, Caroline and Barinski,1931
1931, Marcin (ILT),1932
1932,Weigel,1933
1933,Starkey,1934
1934,Lansing,1935
1935, Alfred,1936
1936,Scott,1937
1937, Stephen and Pellman,1938
1938, Kenneth,1939
1939,Prince,1940
1940,Freund,1941
1941, Joan Barzilay,1942
1942, Keno,1943
1943, Leigh,1944
1944, and Keno,1945
1945,Weber,1946
1946, Stu,1947
1947,Dell,1948
1948, Michael and Fredman,1949
1949,Feldman,1950
1950, David and Schwan,1951
1951, Kassie (ILT),1952
1952,Vistica,1953
1953, Gregory L.,1954
1954,Bradley,1955
1955, Karin,1956
1956,Coffman,1957
1957, Curt and Gonzalez-Molina,1958
1958, Gabriel,1959
1959,Baldacci,1960
1960,Oliver,1961
1961, Jamie,1962
1962,Bix,1963
1963, Cynthia Overbeck,1964
1964,Kohn,1965
1965, Rebecca,1966
1966, Paul D.,1967
1967, Weygandt,1968
1968, Jerry J.,1969
1969, and Kieso,1970
1970, Donald E.,1971
1971,Newham,1972
1972, Paul and Cox,1973
1973, Elaine (ILT),1974
1974,Cowell,1975
1975, F. R.,1976
1976,Lomax,1977
1977, Petrusha,1978
1978, and Childs,1979
1979,Stokesbury,1980
1980, Sarah E.,1981
1981, Phillip C.,1982
1982,De Kretser,1983
1983, Michelle,1984
1984,Spinelli,1985
1985, Jerry,1986
1986,Von Ziegesar,1987
1987, Cecily,1988
1988,Hasan,1989
1989, Asma Gull,1990
1990,Babbitt,1991
1991, Natalie,1992
1992,Unsworth,1993
1993, Richard and McCallum,1994
1994, Jack (FRW),1995
1995,Mountfield,1996
1996, E. D.,1997
1997,Rice,1998
1998, Edward E.,1999
1999,Greenfield,2000
2000, Meg,2001
2001,Mackey,2002
2002, Chris and Miller,2003
2003, Greg,2004
2004, Nancy Means,2005
2005,Welch,2006
2006, Martha G.,2007
2007, M.D. and Mark,2008
2008, Mary Ellen (PHT),2009
2009,Brinley,2010
2010, Maryann Bucknum and Willis,2011
2011, Kay,2012
2012,Whitfield,2013
2013, Spencer,2014
2014,Minirth,2015
2015, Minirth,2016
2016, Mary Alice,2017
2017, Newman,2018
2018, and Newman,2019
2019, Brian,2020
2020,Delgado,2021
2021, Jane L. and National Hispanic Women's Health Initiative,2022
2022,Frankel,2023
2023,Lowry,2024
2024, Glenn D. and Nemazee,2025
2025,Craft,2026
2026, Christine,2027
2027,Bilodeau,2028
2028, Lorrainne,2029
2029,Humphreys,2030
2030,Lynne,2031
2031, Alma,2032
2032,Michener,2033
2033, Anna J.,2034
2034,Kiyosaki,2035
2035, Robert T. and Lechter,2036
2036, Sharon L.,2037
2037,Pelzer,2038
2038, Richard B.,2039
2039,Pistone,2040
2040, Joseph D.,2041
2041, Fisher,2042
2042, and Bonanno,2043
2043,Gordon,2044
2044, James S.,2045
2045, Lou,2046
2046, and Spalding,2047
2047,Carlson,2048
2048, David Lee and Lea,2049
2049, Bob (ILT),2050
2050,Couric,2051
2051, Katie (FRW) and Pochapin,2052
2052, Mark Bennett,2053
2053,Engelbreit,2054
2054,Sheldon,2055
2055, Dyan,2056
2056,Boller,2057
2057, Paul F.,2058
2058,Shields,2059
2059, Brooke,2060
2060,Mina,2061
2061, Denise,2062
2062,Manning,2063
2063, Martha,2064
2064,Lippman,2065
2065, Thomas W.,2066
2066,Tilghman,2067
2067,Gelcer,2068
2068, Esther,2069
2069, McCabe,2070
2070, and Smith-Resnick,2071
2071,Murphy,2072
2072, Jana,2073
2073, D. N.,2074
2074,Ban Breathnach,2075
2075,Null,2076
2076,Kotzwinkle,2077
2077, Ross,2078
2078, and Brenner,2079
2079, Keri,2080
2080,Fayer,2081
2081, Dina,2082
2082,Murdocca,2083
2083, Sal (ILT),2084
2084, Osborne,2085
2085, Mary Pope,2086
2086, and Osborne,2087
2087, Will,2088
2088,Hoffman,2089
2089, Alice,2090
2090,Willard,2091
2091,Haduch,2092
2092, Bill and Scheuer,2093
2093, Philip (ILT),2094
2094,Styron,2095
2095,Crespo,2096
2096, Staudenmaier,2097
2097, Eric (ILT),2098
2098, and Staudenmaier,2099
2099,Boggs,2100
2100,Wohlmuth,2101
2101, Sharon J.,2102
2102, Saline,2103
2103, and Sheggeby,2104
2104, Dawn,2105
2105,Shan,2106
2106, Darren,2107
2107, P. W.,2108
2108,Mawer,2109
2109, Simon,2110
2110,Golenbock,2111
2111,Trapani,2112
2112, Iza,2113
2113,Albee,2114
2114,Summers,2115
2115, Elly,2116
2116,Van Riper,2117
2117,Spizman,2118
2118, Robyn Freedman and Popkin,2119
2119,Myers,2120
2120,Harper,2121
2121, Frances E. W.,2122
2122,John Paul II,2123
2123, Pope and Messori,2124
2124, Vittorio,2125
2125,Bagnoli,2126
2126, Giorgio and Fawcett,2127
2127, Graham (TRN),2128
2128,Koelsch,2129
2129, Michael (ILT),2130
2130, and Peters,2131
2131, Stephanie True,2132
2132,Harry,2133
2133, Mikel J. and Schroeder,2134
2134,Craig,2135
2135, David (ILT) and Tanaka,2136
2136, Albro,2137
2137,Winfrey,2138
2138, Oprah,2139
2139, Regan,2140
2140, Ken (PHT),2141
2141, and Regan,2142
2142, Ken,2143
2143,Lane,2144
2144, Marion S.,2145
2145,Disney Book Group,2146
2146, Bergen,2147
2147, Lara,2148
2148,Gore,2149
2149,Oufkir,2150
2150, Malika,2151
2151, Fitoussi,2152
2152, and Schwartz,2153
2153, Ros (TRN),2154
2154,Rankin,2155
2155, Ian,2156
2156,Carter,2157
2157, David A. and Carter,2158
2158, David A. (ILT),2159
2159, Kimball and Fisher,2160
2160, Mareen Duncan,2161
2161,Pitch,2162
2162, Anthony S.,2163
2163,Steed,2164
2164,Zaroulis,2165
2165, Duchess of and Weight Watchers International (EDT),2166
2166,Arnett,2167
2167,Cockey,2168
2168,Rue,2169
2169, Leonard Lee,2170
2170, Pearson,2171
2171, Ridley,2172
2172, and Call,2173
2173, Greg (ILT),2174
2174,Vaz,2175
2175, Mark Cotta,2176
2176,Avi,2177
2177,Mauer,2178
2178, Lowell,2179
2179, Conley,2180
2180, John D.,2181
2181, III,2182
2182, Jung,2183
2183, Boutquin,2184
2184, Eidahl,2185
2185, Loren,2186
2186, Purdum,2187
2187, and Jung,2188
2188,Beckett,2189
2189,Bondurant,2190
2190,Lutes,2191
2191, Rob and Hynes,2192
2192, Valentina,2193
2193, Caroline (INT) and Kennedy,2194
2194,Thomas,2195
2195,dePaola,2196
2196, Tomie,2197
2197,Marrin,2198
2198, Albert,2199
2199,Goldbeck,2200
2200, Nikki and Goldbeck,2201
2201, Judy Dockrey and Young,2202
2202,Korda,2203
2203, Michael and Korda,2204
2204,Adams,2205
2205, Scott,2206
2206,Reeder,2207
2207,Adamson,2208
2208, Joy,2209
2209,Bake,2210
2210,Brin,2211
2211,Holmes,2212
2212, Marjorie,2213
2213,Palmer,2214
2214,Carlin,2215
2215,Philip,2216
2216, Neil and Lawrence,2217
2217, John (ILT),2218
2218,Wolf,2219
2219, Anthony E.,2220
2220,Phillips,2221
2221, Donald T. and Mickelson,2222
2222, Barbara (EDT) and Escue,2223
2223, Ashley Rainey,2224
2224,Chapman,2225
2225, Elwood N.,2226
2226,Helvarg,2227
2227,Freeman,2228
2228, John W. (EDT) and Metropolitan Opera (New York,2229
2229, N. Y.) (COR),2230
2230,Stickney,2231
2231, Clyde P. and Weil,2232
2232, Roman L.,2233
2233,Parshall,2234
2234, Janet,2235
2235, Parshall,2236
2236, and Perry,2237
2237, Sarah Parshall,2238
2238,Patricelli,2239
2239, Leslie and Patricelli,2240
2240, Leslie (ILT),2241
2241,Rennison,2242
2242,Jampolsky,2243
2243, Gerald G.,2244
2244,Henry,2245
2245, William A.,2246
2246,MacDonald,2247
2247, Suse (ILT) and De Zutter,2248
2248, Hank,2249
2249,Bolton,2250
2250,Townsend,2251
2251, David and Borgenicht,2252
2252,H. W. Janson,2253
2253, Nick and Walker,2254
2254,Nasar,2255
2255, Sylvia,2256
2256,Perlman,2257
2257, Elliot,2258
2258,McElroy,2259
2259, Colleen J.,2260
2260,Friday,2261
2261,Joyner,2262
2262, Tom and Boyce,2263
2263, Mary Flowers,2264
2264,Lundin,2265
2265, Christensen,2266
2266, and Strand,2267
2267, Philip,2268
2268,Gittleman,2269
2269, Ann Louise,2270
2270, Amanda Eyre,2271
2271,Hughes,2272
2272, Marcia M.,2273
2273,Lassen,2274
2274, Christian Riese,2275
2275,Weiner,2276
2276, Eric J.,2277
2277,Bushnell,2278
2278,Boone,2279
2279, Debby and Ferrer,2280
2280, Gabriel (ILT),2281
2281,Light,2282
2282, Duane R.,2283
2283,Colt,2284
2284,Karp,2285
2285, Marcelle (EDT) and Stoller,2286
2286, Debbie (EDT),2287
2287,Walt Disney Enterprises (COR) and Giuliani,2288
2288,Forester,2289
2289,Whitcomb,2290
2290,Atwater,2291
2291, Atwater,2292
2292, Florence,2293
2293, and Lawson,2294
2294, Robert (ILT),2295
2295,Burgio,2296
2296, Danielle and Worick,2297
2297, Jennifer (CON),2298
2298,Kinkade,2299
2299, Thomas and Spencer,2300
2300,Dicker,2301
2301,Michaels,2302
2302,Louden,2303
2303,Barron,2304
2304,By the Editors of Time-life Books,2305
2305,Howard,2306
2306, V. A. and Barton,2307
2307, J. H.,2308
2308,Annechild,2309
2309, Annette,2310
2310,Durling,2311
2311,Swierczynski,2312
2312, Duane (CON),2313
2313, Melton,2314
2314, H. Keith,2315
2315, and Piligian,2316
2316, Craig,2317
2317, Murray and Perkins,2318
2318, David V.,2319
2319,Shull,2320
2320, Megan,2321
2321,Denby,2322
2322,Reader's Digest,2323
2323,Sunset Books (COR),2324
2324, Selden,2325
2325, Linda J. (EDT),2326
2326, and Spier,2327
2327, Carol (EDT),2328
2328, George and Barone,2329
2329, Joe and Robinson,2330
2330, R. D.,2331
2331,Shaffer,2332
2332, Susan Morris and Gordon,2333
2333, Linda Perlman,2334
2334,McKeon,2335
2335, Richard Peter (EDT),2336
2336,Child,2337
2337,Zullo,2338
2338, Allan and Bovsun,2339
2339, Mara,2340
2340,Butcher,2341
2341, A. J.,2342
2342,Minter,2343
2343, J.,2344
2344, David (PHT),2345
2345,Norwak,2346
2346,Manushkin,2347
2347, Bate,2348
2348, Lucy,2349
2349, and De Groat,2350
2350, Diane (ILT),2351
2351,Burningham,2352
2352,Mortimer,2353
2353, John Clifford,2354
2354,Cavendish,2355
2355, Rogerson,2356
2356, Barnaby,2357
2357, and Locke,2358
2358,Chang,2359
2359, Ina,2360
2360, Martha and Sears,2361
2361,Siegel,2362
2362, Bernie S.,2363
2363, Martin and Miller,2364
2364, Judith (EDT),2365
2365, Sarah E. and McCormack,2366
2366, Erin (EDT),2367
2367,Disney Press (COR),2368
2368,Risco,2369
2369, Elle D.,2370
2370,McBratney,2371
2371, Sam and Jeram,2372
2372, Anita (ILT),2373
2373,Tanner,2374
2374, Marcus,2375
2375,Reifer,2376
2376, Donald J. (EDT),2377
2377,Marks,2378
2378,Lamott,2379
2379,Ireland,2380
2380, Owen S.,2381
2381,Ricker,2382
2382, Audrey and Crowder,2383
2383,Lyons,2384
2384, Blythe and Janes,2385
2385, Missy,2386
2386,Elster,2387
2387, Charles Harrington and Elliot,2388
2388,Haverstock,2389
2389, Mary Sayre,2390
2390,Ashkenas,2391
2391, Ronald N. (EDT) and Ashkenas,2392
2392, Ronald N.,2393
2393,McPhail,2394
2394,Gammelgaard,2395
2395, Lene,2396
2396,Richards,2397
2397, Dick,2398
2398,Marshall,2399
2399, Emily and Marshall,2400
2400,Hynson,2401
2401, Colin,2402
2402,Newman,2403
2403, Cathy,2404
2404,Peters,2405
2405, Thomas J.,2406
2406,Watts,2407
2407, Heather and Soto,2408
2408, Jock,2409
2409, James and Gross,2410
2410,Barrow,2411
2411,Guy,2412
2412,Kuralt,2413
2413, Charles and Glusker,2414
2414, Irwin,2415
2415,Yanes,2416
2416, Romulo A. (PHT) and Gourmet (EDT),2417
2417, Edgar.,2418
2418,Dupree,2419
2419, Nathalie,2420
2420,Pavia,2421
2421, Audrey,2422
2422,Tardio,2423
2423, Robert (PHT) and Wasbotten,2424
2424, Marilyn Miller,2425
2425,Woods,2426
2426, Tiger and Golf Digest (EDT),2427
2427,Barkan,2428
2428, Joanne and Brassard,2429
2429, France (ILT),2430
2430, Pope,2431
2431,Sloan,2432
2432,Aziz,2433
2433, Jean (EDT) and Stout,2434
2434, Peggy (EDT),2435
2435, Mary-Ann Tirone,2436
2436,Shore,2437
2437,Conroy,2438
2438,Obermayer,2439
2439, Herman J.,2440
2440,Gmelch,2441
2441, George and Weiner,2442
2442,Maxwell,2443
2443, John C.,2444
2444,KYNE,2445
2445, Peter B.,2446
2446,Glendinning,2447
2447, Victoria,2448
2448,Steele,2449
2449, Day,2450
2450, Malcolm,2451
2451, and Woodward,2452
2452,Zusak,2453
2453, Markus,2454
2454, James and Nussbaum,2455
2455, Jeff,2456
2456,Cowley,2457
2457, Beevor,2458
2458, Antony (EDT),2459
2459, Carr,2460
2460, Calebert (CON),2461
2461, Dallek,2462
2462, Robert (CON),2463
2463, Lukacs,2464
2464, John (CON),2465
2465, Winik,2466
2466, Jay (CON),2467
2467, and Beevor,2468
2468, Antony (CON),2469
2469,Skott,2470
2470, Michael (PHT) and McKean,2471
2471, Lori,2472
2472,Block,2473
2473,Dionne,2474
2474, E. J.,2475
2475,Cabot,2476
2476,Mantell,2477
2477, Paul and Christopher,2478
2478,Shriver,2479
2479, Maria and Speidel,2480
2480, Sandra (ILT),2481
2481,Shapiro,2482
2482, Eileen C.,2483
2483,Sova,2484
2484, Dawn B.,2485
2485, Karolides,2486
2486, Nicholas J.,2487
2487, and Bald,2488
2488,Bagby,2489
2489, Milton (EDT) and Holzer,2490
2490, Harold (INT),2491
2491,Pendergrast,2492
2492,Woodford,2493
2493, Job Michael,2494
2494,Edwards,2495
2495, Sarah and Edwards,2496
2496, Parker,2497
2497, Geoffrey (EDT),2498
2498, and Society for Military History (U. S.) (COR),2499
2499,Pine,2500
2500,Chatwin,2501
2501,American Medical Women's Association (COR),2502
2502, Epps,2503
2503, Roselyn Payne (EDT),2504
2504, and Stewart,2505
2505, Susan Cobb (EDT),2506
2506,Hagood,2507
2507, Wesley O.,2508
2508,Bunch,2509
2509, Bryan (EDT) and Tesar,2510
2510, Jenny E. (EDT),2511
2511, Charles and Kipfer,2512
2512, Barbara Ann,2513
2513,Sachs,2514
2514, Brad E.,2515
2515, Kathryn,2516
2516,Cosgrove,2517
2517, Irene and Cosgrove,2518
2518, Ed,2519
2519,Roalf,2520
2520,DeGeneres,2521
2521,Linn,2522
2522,Grass,2523
2523, Gu&#x308 and nter,2524
2524,Carey,2525
2525, Elizabeth Doyle,2526
2526,Okum,2527
2527,Kopp,2528
2528, Caroline (PHT),2529
2529, and Barry,2530
2530, leslie,2531
2531,Curtis,2532
2532, Glade B. and Schuler,2533
2533,Standiford,2534
2534,Gross,2535
2535, Allan and Carr,2536
2536,Twinem,2537
2537, Neecy (ILT) and Twinem,2538
2538, Neecy,2539
2539,Nash,2540
2540,Munsinger,2541
2541, Lynn (ILT) and Numeroff,2542
2542, Laura Joffe,2543
2543,Carmichael,2544
2544, Rutberg,2545
2545, Armstrong,2546
2546, Lance (FRW),2547
2547, and Zawadzki,2548
2548,National Geographic Society (U. S.) (COR),2549
2549, Apt,2550
2550, Helfert,2551
2551, Wilkinson,2552
2552, Justin,2553
2553, and Ressmeyer,2554
2554, Roger (EDT),2555
2555,Bugialli,2556
2556, Giuliano,2557
2557, Ryan,2558
2558, Andy (ILT),2559
2559, and Ryan,2560
2560, Andy,2561
2561,Werner,2562
2562, Marilyn,2563
2563,Kotler,2564
2564, Fahey,2565
2565, Liam,2566
2566, and Jatusripitak,2567
2567, Somkid,2568
2568,Cato Institute (COR) and Pilon,2569
2569,Riggs,2570
2570, David F.,2571
2571,Gallman,2572
2572, J. Matthew,2573
2573,Graedon,2574
2574, Joe and Graedon,2575
2575, Teresa,2576
2576, Jason (EDT) and Bryson,2577
2577, Bill (EDT),2578
2578,Zobel-Nolan,2579
2579, Allia and Brooks,2580
2580, Nan (ILT),2581
2581, Roland,2582
2582, David and Goodman,2583
2583, Amy L.,2584
2584, Ian and Cohen,2585
2585,Ehrenreich,2586
2586,Nivola,2587
2587, Claire A. (ILT) and Spires,2588
2588,Garber,2589
2589, Angus,2590
2590,Frank,2591
2591, Robert H. and Cook,2592
2592, Philip J.,2593
2593,Sparks,2594
2594, Reid,2595
2595,Gregory,2596
2596, Leland H.,2597
2597,Mossman,2598
2598, Dow,2599
2599,Levy,2600
2600, Faye,2601
2601,McNab,2602
2602, David and Younger,2603
2603,Brundage,2604
2604,Hoff,2605
2605, Benjamin,2606
2606,Hesselbein,2607
2607, Frances (EDT),2608
2608, Goldsmith,2609
2609, Marshall (EDT),2610
2610, Beckhard,2611
2611, Rachard F. (EDT),2612
2612, and Peter F. Drucker Foundation for Nonprofit Management (COR),2613
2613, Lisi,2614
2614,Sachar,2615
2615,Chorao,2616
2616, Kay (ILT) and Levinson,2617
2617, Riki,2618
2618, James and Rose,2619
2619, David S. (ILT),2620
2620,Konner,2621
2621, Linda and Marshel,2622
2622, Judy E.,2623
2623,Donald,2624
2624,Kassirer,2625
2625, Kurtz,2626
2626, Susan (PHT),2627
2627, and Wolfson,2628
2628, Tom (PHT),2629
2629,Underwood,2630
2630, Eleanor,2631
2631, Jon E.,2632
2632,Max,2633
2633,Furman,2634
2634, Leah,2635
2635, Morin,2636
2636, Furman,2637
2637, Elina,2638
2638, and Ehrenstein,2639
2639, Emily,2640
2640,Gunn,2641
2641, Robin Jones,2642
2642, Robert Smith,2643
2643,Fredette,2644
2644, Jean M. (EDT),2645
2645,Lenhard,2646
2646,East,2647
2647, Charles (EDT),2648
2648,Hollinghurst,2649
2649, Joanne and Gevry,2650
2650, Claudine (ILT),2651
2651,Mcintyre,2652
2652, Hope,2653
2653, Sheran,2654
2654, Eckstut,2655
2655, and Halasz,2656
2656, Andras (ILT),2657
2657,Morpurgo,2658
2658,Kuriansky,2659
2659,Schott,2660
2660,Kozol,2661
2661,Rifkin,2662
2662, Jeremy,2663
2663,Cristol,2664
2664, A. Jay,2665
2665,Innes,2666
2666, Jocasta,2667
2667,Montaquila,2668
2668, Christine and Levin,2669
2669, Kim (PHT),2670
2670,Schulweis,2671
2671, Harold M.,2672
2672,Browne,2673
2673,MacCormick,2674
2674,Austin,2675
2675,Knauer,2676
2676, Kelly (EDT),2677
2677, Time Magazine (EDT),2678
2678, and Time,2679
2679, Inc. (COR),2680
2680,Masiel,2681
2681, Ann M.,2682
2682, Selznick,2683
2683, and Godwin,2684
2684, James and Roughan,2685
2685, Howard,2686
2686, Hindle,2687
2687, and Heller,2688
2688, Robet,2689
2689,Fairbairn,2690
2690, Douglas,2691
2691,Conn,2692
2692, Charles Paul,2693
2693,Conover,2694
2694, Jennifer Rahel (EDT),2695
2695,Kriegel,2696
2696, Pam,2697
2697,McCue,2698
2698, Lisa (ILT),2699
2699, Bianco,2700
2700, Margery Williams (ADP),2701
2701, and Lombardi,2702
2702, Kristine,2703
2703, Marita,2704
2704,Zeldin,2705
2705,Renwick,2706
2706,Link,2707
2707, Arthur Stanley (EDT) and Axson,2708
2708, Stockton,2709
2709,Cousins,2710
2710, Douglas L.,2711
2711,Schreiner,2712
2712, Samuel Agnew,2713
2713,King,2714
2714,Silverberg,2715
2715,Katselas,2716
2716, Milton,2717
2717,Keneally,2718
2718,Comet,2719
2719, Renee (PHT) and Atkinson,2720
2720, Leland,2721
2721,Kunkel,2722
2722, Karen E.,2723
2723,Depue,2724
2724, Roger L. and Schindehette,2725
2725,STORYBOOK,2726
2726,Lefkon,2727
2727, Wendy (EDT) and Cook,2728
2728, Deanna F.,2729
2729,Baumbich,2730
2730, Charlene Ann,2731
2731,Atkinson,2732
2732,Sherr,2733
2733, Lynn and Kazickas,2734
2734, Jurate,2735
2735,Gaines,2736
2736, Beatrix and McCue,2737
2737,Cuddy,2738
2738, Robbin (ILT) and Zoehfeld,2739
2739, Kathleen Weidner,2740
2740,Hack,2741
2741,Editors of Phaidon Press,2742
2742,Bernard,2743
2743, Hartmann,2744
2744, Sven,2745
2745, and Hartner,2746
2746,Alexandroff,2747
2747,Womack,2748
2748,Hunter,2749
2749,Fortgang,2750
2750, Laura Berman,2751
2751,Keene,2752
2752, Carolyn and Whelan,2753
2753,Zacks,2754
2754,Rossi,2755
2755, Melissa L.,2756
2756,Weatherby,2757
2757, W. J.,2758
2758,Pollock,2759
2759, Steve and Whitfield,2760
2760, Philip (EDT),2761
2761,Editors of Creative Homeowner,2762
2762,Hamilton,2763
2763, Mary (EDT),2764
2764, Hines,2765
2765, Jorgensen,2766
2766, Talamini,2767
2767, and Hamilton,2768
2768, David J.,2769
2769,Gottfried,2770
2770,Zaidi,2771
2771, Nadeem (ILT),2772
2772, Aigner-Clark,2773
2773, Julie (EDT),2774
2774, and Baby Einstein Company (COR),2775
2775,Lorenz,2776
2776, Joanna,2777
2777,Highfield,2778
2778, Geneen,2779
2779,Turnbull,2780
2780,Shobin,2781
2781, John and Tutu,2782
2782,Renton,2783
2783, B. Andrew,2784
2784,Marable,2785
2785, Manning,2786
2786,Wahli,2787
2787, Ueli,2788
2788, Matthews,2789
2789, Lapido,2790
2790, Paula Coll,2791
2791, and Norguet,2792
2792, Jean-Pierre,2793
2793,Hendrickson,2794
2794, Carol Lea,2795
2795,Courrege,2796
2796, Beverly (EDT),2797
2797, Anthony and Swan,2798
2798, Robbyn,2799
2799,McEwen,2800
2800, Christian (EDT),2801
2801,Sommer,2802
2802, Robin Langley and Sommer,2803
2803, Langle,2804
2804, Laurie Beth,2805
2805,Gevry,2806
2806, Claudine (ILT) and Finbarr,2807
2807,Osgood,2808
2808,Niven,2809
2809,Burg,2810
2810, Dale and Pinkham,2811
2811, Mary Ellen,2812
2812,Meberg,2813
2813,Knapp,2814
2814,Leman,2815
2815,Various,2816
2816,Arterburn,2817
2817, Yorkey,2818
2818, Mike (CON),2819
2819, and Luck,2820
2820, Kenny,2821
2821,Cohen,2822
2822, Herb,2823
2823, David J,2824
2824, Majerus,2825
2825, and Marjerus,2826
2826,Korman,2827
2827, Gordon,2828
2828,Marino,2829
2829, Lauren (EDT),2830
2830, and Solomon,2831
2831, Debra (ILT),2832
2832,Atelier Philippe Harchy (ILT),2833
2833, Skinner,2834
2834, Daphne,2835
2835,Weinberg,2836
2836, Gerald M. and Freedman,2837
2837, Daniel P,2838
2838, Glorya (EDT),2839
2839,Flank,2840
2840, Lenny,2841
2841,Drosnin,2842
2842, Thomas (ILT) and McKelvey,2843
2843, Douglas Kaine,2844
2844, Pauline,2845
2845,Dupuy,2846
2846, R. Ernest and Dupuy,2847
2847, Trevor Nevitt,2848
2848,Tekulsky,2849
2849, Mathew and Moritz-Magnesio,2850
2850, Clair (ILT),2851
2851,Ball,2852
2852,Unell,2853
2853, Barbara C. and Wyckoff,2854
2854,Daugherty,2855
2855, George and Diamond,2856
2856, Janis,2857
2857, Ball,2858
2858, Liz,2859
2859, Carroll,2860
2860, and Brickman,2861
2861,Arthur,2862
2862,Perry,2863
2863,Rizzatti,2864
2864, Lorella,2865
2865,Stark,2866
2866, Marg,2867
2867,Rann,2868
2868, Toni,2869
2869, Yorke,2870
2870, Jane (EDT),2871
2871, and Oliver,2872
2872,Moody,2873
2873,Winston,2874
2874, Chriss and Watts,2875
2875, J. C.,2876
2876,Burke,2877
2877, Richard E.,2878
2878, Hoffer,2879
2879, and Hoffer,2880
2880,Ponzek,2881
2881, Debra and Schwartz,2882
2882,Musselman,2883
2883, Jennifer and Degregori,2884
2884, Patty,2885
2885,Raboff,2886
2886, Ernest Lloyd,2887
2887,Sussman,2888
2888, Julie,2889
2889, Glakas-Tenet,2890
2890, Stephanie,2891
2891, and Lampathakis,2892
2892, Yeorgos (ILT),2893
2893,McBain,2894
2894, Ralph,2895
2895,Rains,2896
2896, Rob,2897
2897, Burton L.,2898
2898,Hemingway,2899
2899, Edith Morris,2900
2900, Shields,2901
2901, Jacqueline Cosgrove,2902
2902, and Cosgrove,2903
2903, Kenneth L. (ILT),2904
2904, James and Paetro,2905
2905, Maxine,2906
2906,Coupland,2907
2907,Ginsburg,2908
2908, Art,2909
2909, Pagan,2910
2910,Reynolds,2911
2911,Burch,2912
2912, Virginia M.,2913
2913, Billy J.,2914
2914,Bass,2915
2915,McCaffery,2916
2916, Janet and Lindemeyer,2917
2917,Pingry,2918
2918, Patricia A. and Utt,2919
2919, Mary Ann (ILT),2920
2920,Shaudys,2921
2921, Phyllis V.,2922
2922,Jacobson,2923
2923, Doranne,2924
2924,St. George,2925
2925, Judith and Small,2926
2926, David (ILT),2927
2927,Ahearn,2928
2928, Allen and Ahearn,2929
2929,Gurian,2930
2930,Gourmet,2931
2931,Polisar,2932
2932, Barry Louis and Clark,2933
2933,Sendak,2934
2934, Maurice (ILT) and Kushner,2935
2935, Tony,2936
2936, Benjamin W. (EDT),2937
2937,Breathed,2938
2938, Berke,2939
2939,Morozumi,2940
2940, Atsuko,2941
2941,Nguyen,2942
2942, Kien,2943
2943,Loewen,2944
2944, James W.,2945
2945,Bagdikian,2946
2946, Ben H.,2947
2947,Grace,2948
2948, Nancy and Clehane,2949
2949,Daniels,2950
2950, John D. and Radebaugh,2951
2951, Lee H.,2952
2952,Codell,2953
2953, Esme Raji,2954
2954, Paul B.,2955
2955,Millner,2956
2956, Denene and Chiles,2957
2957,Saunders,2958
2958, Vivien,2959
2959,Dickinson,2960
2960, Terence,2961
2961,Lockhart,2962
2962, Lynne N. and Lockhart,2963
2963, Barbara M.,2964
2964,Wasowski,2965
2965, Sally,2966
2966, Turner,2967
2967, R. G.,2968
2968, Jr. (EDT),2969
2969, Glasener,2970
2970, Erica,2971
2971, Knopf,2972
2972, Keator,2973
2973, Glenn,2974
2974, and Boring,2975
2975, John Kadel (EDT),2976
2976,American Institute for Cancer Research,2977
2977,Reader's Digest Association,2978
2978,Michael,2979
2979,Sebold,2980
2980,Powers,2981
2981, Alice Lecesse,2982
2982, Weldon-Siviy,2983
2983, Mintzer,2984
2984, Rich,2985
2985, and Gallaro,2986
2986, Elisa,2987
2987, Stacy (ILT) and Cooper,2988
2988, Evan,2989
2989,Arnold,2990
2990, Johann Christoph,2991
2991, Josh,2992
2992,Cox,2993
2993, Jeff and Cox,2994
2994,Self,2995
2995,Mark Gilroy Communications,2996
2996,Bovard,2997
2997, Ruth,2998
2998,Berger,2999
2999,Leyerle,3000
3000, John and Quick,3001
3001,Horvath,3002
3002, Polly,3003
3003,Groom,3004
3004, Winston,3005
3005,Loewer,3006
3006, H. Peter,3007
3007,Lampert,3008
3008,Maclean,3009
3009, Moira (ILT),3010
3010, Maclean,3011
3011, Colin (ILT),3012
3012, and Maclean,3013
3013, Moira,3014
3014,Horowitz,3015
3015, I. A,3016
3016,Murkoff,3017
3017, Heidi Eisenberg and Rader,3018
3018, Laura (ILT),3019
3019,Milne,3020
3020, A. A.,3021
3021, and Marshall,3022
3022, Hallie,3023
3023,Branch,3024
3024,Highwater,3025
3025, Jamake,3026
3026, Valmiki,3027
3027, and Glancey,3028
3028, Kelli (ILT),3029
3029,Bayer,3030
3030,Russo,3031
3031, Monica and Dewire,3032
3032,Ostrow,3033
3033, Judy,3034
3034,Quirk,3035
3035, Rory F.,3036
3036,Talbott,3037
3037, Strobe,3038
3038,Toth,3039
3039,McPhee,3040
3040,Dolan,3041
3041, Ken and Dolan,3042
3042, Daria,3043
3043,Connelly,3044
3044,Maynard,3045
3045, Christopher and Paton,3046
3046,Schoor,3047
3047, Gene,3048
3048,Betts,3049
3049, Edwin Morris,3050
3050,Elliott,3051
3051, Bob and Goulding,3052
3052,Henner,3053
3053, Marilu and Henner,3054
3054, Lorin,3055
3055,Ziegler,3056
3056,Greenspan,3057
3057,Baigent,3058
3058, Michael and Leigh,3059
3059,Stirling,3060
3060, S. M.,3061
3061, Williams,3062
3062, Walter Jon,3063
3063, Gentle,3064
3064, and Turtledove,3065
3065, Harry (EDT),3066
3066,Browning,3067
3067, Marie,3068
3068,Shneck,3069
3069,Maher,3070
3070, Harold (EDT) and Lehman,3071
3071,Michalak,3072
3072, Patricia S. and Peterson,3073
3073, Cass,3074
3074,Lovric,3075
3075, Michelle (COM),3076
3076,Swofford,3077
3077, Donald and Stokes,3078
3078, Lillian,3079
3079,Brondolo,3080
3080, John O. (EDT),3081
3081,Holly,3082
3082,Verrilli,3083
3083, George E. and Mueser,3084
3084, Anne Marie,3085
3085,Better Homes & Gardens,3086
3086,Monroe,3087
3087, Jimmy,3088
3088,Bon Appetit (EDT),3089
3089,Saba,3090
3090, Marcel (EDT),3091
3091, David Herbert,3092
3092,Hillier,3093
3093, Wooster,3094
3094, Steven (PHT),3095
3095, Hayward,3096
3096, Stephen (PHT),3097
3097, and Hayward,3098
3098, Anderson,3099
3099, Bart,3100
3100, and Costales,3101
3101, Bryan,3102
3102,Amado,3103
3103, Jorge,3104
3104,Timberg,3105
3105,American Heritage Publishing Company (EDT) and Driscoll,3106
3106,Foster,3107
3107,Nuland,3108
3108, Sherwin B.,3109
3109,Myerhoff,3110
3110, Barbara G.,3111
3111,Schobinger,3112
3112, Juan,3113
3113, Simon and Taylor,3114
3114, Sara (PHT),3115
3115,Sandburg,3116
3116, Donia,3117
3117,Hill,3118
3118,Steig,3119
3119, Robert L.,3120
3120, Deanna F. and Familyfun Magazine,3121
3121,Matton,3122
3122, Sylvie and Black,3123
3123, Tamsin (TRN),3124
3124, Marg and Benson,3125
3125,Showalter,3126
3126, Gena,3127
3127,Klein,3128
3128,Burros,3129
3129, Marian,3130
3130,Alessandra,3131
3131, Anthony J. and Hunsaker,3132
3132, Phillip L.,3133
3133, Paulette,3134
3134, Noble,3135
3135, and Fleming,3136
3136, Jack (ILT),3137
3137,Vickery,3138
3138, Donald M. and Fries,3139
3139, James F.,3140
3140,Zutell,3141
3141, Irene and Bleidner,3142
3142,Sackville-West,3143
3143, V,3144
3144,Guarendi,3145
3145, Raymond N.,3146
3146,Maydak,3147
3147, Michael S. (ILT) and Kroll,3148
3148, Virginia L.,3149
3149,Schorr,3150
3150, Lisbeth B.,3151
3151,Abel,3152
3152, Simone (ILT) and Bright,3153
3153,Farrell,3154
3154, Kirby,3155
3155,Gibbons,3156
3156, Kaye,3157
3157,Fleischman,3158
3158, Sid and Von Schmidt,3159
3159,Shea,3160
3160,Mlynowski,3161
3161,Stiles,3162
3162, Jeanie and Stiles,3163
3163, David R.,3164
3164,Asquith,3165
3165, Pamella,3166
3166,Reisman,3167
3167, Rose,3168
3168,Merk,3169
3169, Jefferson,3170
3170, Thomas (FRW),3171
3171, Karlin,3172
3172, Javerbaum,3173
3173, and Blomquist,3174
3174,Lind,3175
3175,Fielding,3176
3176, Naomi and Young,3177
3177, Tammy,3178
3178,Giardina,3179
3179,Corn,3180
3180,Hartley-Brewer,3181
3181, Megan and Robitz,3182
3182, Kathie,3183
3183,Sones,3184
3184,Sweeney,3185
3185, Jennifer Foote (EDT),3186
3186, Smiley,3187
3187, Jane (FRW),3188
3188, and Salon. Com (COR),3189
3189, Harry H.,3190
3190, Jr. and Harrison,3191
3191,Proulx,3192
3192, Annie,3193
3193,Masters,3194
3194, Edgar Lee and Swenson,3195
3195, May (INT),3196
3196, Kathy and Holm,3197
3197, Sharon Lane (ILT),3198
3198,O'Malley,3199
3199, Kevin (ILT) and Finchler,3200
3200, Paul Elliott,3201
3201, Alvin D.,3202
3202,Finto,3203
3203,Clifton,3204
3204,Page,3205
3205, R. I.,3206
3206,Palomino,3207
3207, Rafael,3208
3208, Gargagliano,3209
3209, Arlen,3210
3210, and Duisterhof,3211
3211, Miki (PHT),3212
3212,Matthiessen,3213
3213,Van Der Plas,3214
3214,Walt Disney Productions,3215
3215, Pamela R. (ILT) and Skarmeas,3216
3216,Barton,3217
3217, Byron (ILT) and Sharmat,3218
3218, Marjorie Weinman,3219
3219,Reisert,3220
3220,Kaminsky,3221
3221, Peter and Fleming,3222
3222,Debroff,3223
3223, Stacy,3224
3224,Caroli,3225
3225, Betty Boyd,3226
3226,Levy Mossanen,3227
3227, Dora,3228
3228,Matthews,3229
3229,Briscoe,3230
3230, Connie,3231
3231, Stephanie Perry,3232
3232,Barkley,3233
3233, Charles and Wilbon,3234
3234,Maloy,3235
3235, Conover,3236
3236,Karas,3237
3237, Condy (EDT) and Museh,3238
3238, Leslyn (COM),3239
3239, Erin,3240
3240, Roy and Jenkins,3241
3241, Lord,3242
3242,Purviance,3243
3243, Jamie and Turner,3244
3244,Perez-Reverte,3245
3245, Arturo and Peden,3246
3246, Margaret Sayers (TRN),3247
3247,Naylor,3248
3248,Shortridge,3249
3249,Reeve,3250
3250, Dana (EDT),3251
3251,Shengold,3252
3252, Nina (EDT),3253
3253,Brett,3254
3254,Glasser,3255
3255,Dem,3256
3256, Tidiane,3257
3257, Laurie B. and Schmitz,3258
3258, Tamara (ILT),3259
3259,Mashuta,3260
3260,Crocker,3261
3261, Betty and Chin,3262
3262, Leeann,3263
3263,Masson,3264
3264, J. Moussaieff and McCarthy,3265
3265, Susan (CON),3266
3266,Dockrey,3267
3267, Godwin,3268
3268, Johnnie,3269
3269, Phyllis,3270
3270,Burkett,3271
3271,Stern,3272
3272, Alison B. (EDT),3273
3273, Margaret Sabo,3274
3274, David C. (EDT),3275
3275,Pink,3276
3276, Daniel H.,3277
3277,Hegi,3278
3278, Ursula,3279
3279,Healy,3280
3280, Jane M.,3281
3281,Kissinger,3282
3282,Hankinson,3283
3283, Susan E. (EDT),3284
3284, Colditz,3285
3285, Graham A.,3286
3286, M.D. (EDT),3287
3287, Manson,3288
3288, Joann E.,3289
3289, and Speizer,3290
3290, Frank E.,3291
3291,Sananikone,3292
3292, Keo,3293
3293,Cory,3294
3294, Steve and Halpin,3295
3295,Lansky,3296
3296, Vicki and White,3297
3297, Kaye (ILT),3298
3298,Sciolino,3299
3299,Salt,3300
3300, J. S. (EDT),3301
3301,Soltys,3302
3302, Karen Costello (EDT) and Green,3303
3303, Mary V.,3304
3304,Hass,3305
3305, Robert (EDT) and Mitchell,3306
3306, Stephen (EDT),3307
3307,Gluck,3308
3308,Kidd,3309
3309,Veggeberg,3310
3310,Vanin,3311
3311, Gabriele and West,3312
3312, Richard (FRW),3313
3313, Michael (INT),3314
3314,Cardoza,3315
3315, Avery,3316
3316,Sijie,3317
3317, Dai,3318
3318,Wise,3319
3319,Weintraub,3320
3320, Alan (PHT),3321
3321, Majua,3322
3322, Weingarten,3323
3323, and Weintraub,3324
3324,Sports Illustrated (EDT),3325
3325,People Books,3326
3326, Sporkin,3327
3327, and Lipton,3328
3328, Michael A. (EDT),3329
3329,Henley,3330
3330, Thomas A. and Sweet,3331
3331, Neesa,3332
3332, Ellen Sue,3333
3333, Stern,3334
3334, and Stern,3335
3335,Havens,3336
3336,Duane,3337
3337,Cannon,3338
3338,Sundaram,3339
3339, Hema,3340
3340,Cummins,3341
3341, Cindy,3342
3342,McNally,3343
3343,Gandy,3344
3344, Dottie Bruce and Lowe,3345
3345,Lent,3346
3346,Gavalas,3347
3347,Corwin,3348
3348, Donna G. and Jablow,3349
3349, Martha Moraghan,3350
3350,Ainslie,3351
3351,Metrick,3352
3352, Sydney Barbara,3353
3353, Charles and Cardwell,3354
3354,Barzun,3355
3355,Smiley,3356
3356,Bove,3357
3357, Alexander A.,3358
3358, Neil,3359
3359,Nicholson,3360
3360, Nicholas B. A.,3361
3361,Bluestein,3362
3362,Shilstone,3363
3363, MacKie,3364
3364,Dee,3365
3365, Catherine (EDT),3366
3366, Karen Levin and Treeger,3367
3367, Madge Lawrence,3368
3368,Ferguson,3369
3369,Mason,3370
3370, Charles (PHT) and Murphy,3371
3371, Claire Rudolph,3372
3372,Smath,3373
3373, Jerry (ILT) and Herman,3374
3374,Schiff,3375
3375, Nancy Rica,3376
3376,Wydra,3377
3377, Nancilee,3378
3378, Rachel and Nolte,3379
3379, Dorothy Law,3380
3380, Vinita Hampton and Horner,3381
3381,Epstein,3382
3382, Daniel Mark,3383
3383,Sheth,3384
3384, Jagdish N. and Mernissi,3385
3385, Fatema,3386
3386,Reidenbaugh,3387
3387, Lowell and Hoppel,3388
3388, Joe (EDT),3389
3389,Legvold,3390
3390, Colton,3391
3391, Timothy J. (EDT),3392
3392, and Legyold,3393
3393,Skidmore,3394
3394, Thomas E. and Smith,3395
3395, Peter H.,3396
3396,Hertzberg,3397
3397, Hendrik,3398
3398,Van Ness,3399
3399,Norman,3400
3400, Sibbick,3401
3401, Blagden,3402
3402, Denise (ILT),3403
3403, and Nicholls,3404
3404, Andrew L.,3405
3405,Mead-Ferro,3406
3406, Muffy,3407
3407,Somers,3408
3408,Sneden,3409
3409, Robert Knox,3410
3410, Charles F.,3411
3411, and Lankford,3412
3412, Nelson D. (EDT),3413
3413,Croce,3414
3414, Lyon,3415
3415, and Covey,3416
3416, Stephen R. (FRW),3417
3417, Bruce L. R. and Danilenko,3418
3418, Gennady M. (EDT),3419
3419, Chuck (EDT),3420
3420, Eskite,3421
3421, Richard (ILT),3422
3422, and Simmons,3423
3423, Kate and Slovenz-Low,3424
3424, Madeline,3425
3425,Grizzard,3426
3426, Lewis,3427
3427,Shalit,3428
3428, Amy,3429
3429,Zailckas,3430
3430, Koren,3431
3431,Baron,3432
3432, Robert A. and Byrne,3433
3433, Donn,3434
3434,Lister,3435
3435, Adrian and Bahn,3436
3436,Feist,3437
3437, Raymond E.,3438
3438,Arlen,3439
3439, Michael J,3440
3440,Victoria (New York,3441
3441, N. Y.) (EDT) and Allon,3442
3442,Dorros,3443
3443, arthur,3444
3444,Bailey,3445
3445, Covert and Gates,3446
3446, Ronda,3447
3447,Fuchs,3448
3448, Robyn A. Goldstein,3449
3449,Nalbantian,3450
3450, Haig R. (EDT),3451
3451, Guzzo,3452
3452, Richard A.,3453
3453, Kieffer,3454
3454, and Doherty,3455
3455,Peck,3456
3456,Hess,3457
3457,Bicknell,3458
3458, Treld,3459
3459, Anna Deavere,3460
3460, Lawrence M.,3461
3461,Penman,3462
3462, Sharon Kay,3463
3463,Gerberg,3464
3464,Warner,3465
3465, Kendall,3466
3466,Hanley,3467
3467,Caesar,3468
3468, Sid and Friedfeld,3469
3469, Eddy,3470
3470, Hirsh M. and Driver,3471
3471, Ray (ILT),3472
3472,Gardner,3473
3473,Andrews,3474
3474, Edward Deming,3475
3475,Lapidus,3476
3476, Gail W. (EDT),3477
3477,Medawar,3478
3478, P. B and Pyke,3479
3479, Jane (ILT) and Sykes,3480
3480,Raum,3481
3481, Nora,3482
3482, Thomas B.,3483
3483,Warnock,3484
3484, Brett (EDT),3485
3485,Awdry,3486
3486, W. and Bell,3487
3487, Owain (ILT),3488
3488,de Villiers,3489
3489, Marq,3490
3490,Alexander-Roberts,3491
3491, Colleen,3492
3492,Behrendt,3493
3493, Greg and Tuccillo,3494
3494,Huang,3495
3495, Kerson and Huang,3496
3496,Lapierre,3497
3497, Wayne and Baker,3498
3498, James Jay,3499
3499,Holtz,3500
3500, Lou and Heisler,3501
3501,Milton,3502
3502, Joyce and Radosh,3503
3503, Dee and Schmitt,3504
3504, Martin Ferdinand (EDT),3505
3505,Telushkin,3506
3506, Joseph Rabbi,3507
3507,Gonet,3508
3508,Laqueur,3509
3509,Heriteau,3510
3510,Trafford,3511
3511, Abigail,3512
3512,Crowe,3513
3513, Elizabeth Powell,3514
3514, Christiane,3515
3515, Elizabeth Marshall,3516
3516, Terri,3517
3517,Glastonbury,3518
3518,Books,3519
3519, Time Life,3520
3520,Greenberg,3521
3521, Martin Harry,3522
3522, Waugh,3523
3523, Charles G.,3524
3524, and Azarian,3525
3525, Jenny-Lynn (EDT),3526
3526,Godwin,3527
3527,Hager,3528
3528,Prevention Magazine Health Books (COR),3529
3529, Harrar,3530
3530, Sari,3531
3531, and Bauman,3532
3532, Alisa,3533
3533,Cusick,3534
3534,Leifer,3535
3535, Neil (PHT),3536
3536, Jordan (EDT) and Buyers,3537
3537, Colleen (EDT),3538
3538, Betsy,3539
3539,Burt,3540
3540, Sandra and Perlis,3541
3541,Dingus,3542
3542, Norell,3543
3543, Gaffney,3544
3544, Eugene S.,3545
3545, and American Museum of Natural History (COR),3546
3546, Marilyn and Stahl,3547
3547, Ben (ILT),3548
3548,Strickland,3549
3549, Brad and Fuller,3550
3550, Thomas E.,3551
3551,O'Carroll,3552
3552,Castleman,3553
3553, Hasselbring,3554
3554, Simons,3555
3555, and Simons,3556
3556, Anned,3557
3557, Sally and Robledo,3558
3558, Maria (PHT),3559
3559,Edgerton,3560
3560, Clyde,3561
3561,Berman,3562
3562, Berman,3563
3563, Schweiger,3564
3564, Alice Burdick,3565
3565, and Berman,3566
3566,Lobel,3567
3567,Walt Disney Productions (EDT),3568
3568, Cathy Goldberg,3569
3569, Hall,3570
3570, and Hall,3571
3571, Melanie W.,3572
3572,Baskin,3573
3573, Leonard and Segal,3574
3574, Lore Groszmann,3575
3575, Pamela M.,3576
3576,Gold-Vukson,3577
3577, Marji and Oeltjenbruns,3578
3578, Joni (ILT),3579
3579,Wolpe,3580
3580,Lucas,3581
3581, Henry C.,3582
3582, Texas Bix,3583
3583,Yarbro,3584
3584, Chelsea Quinn,3585
3585,Sennott,3586
3586, Charles M.,3587
3587,Holpp,3588
3588, Lawrence and Pande,3589
3589, Peter S.,3590
3590,Stuck,3591
3591, Susan (EDT),3592
3592, Shari,3593
3593,Barnard,3594
3594, Melanie,3595
3595,Pruett,3596
3596, Lynn,3597
3597,Waterman,3598
3598, Robert H.,3599
3599,Dorling Kindersley,3600
3600,Cahill,3601
3601, Susan Neunzig (EDT),3602
3602,Pollan,3603
3603, Stephen M. and Levine,3604
3604,Grobman,3605
3605, Gardner,3606
3606, and Motley Fool,3607
3607,Boorstin,3608
3608, Daniel J. and Luce,3609
3609, Clare Boothe,3610
3610, Barbara and Greenaway,3611
3611,Rockwell,3612
3612, Anne F,3613
3613,Richman,3614
3614,L'Heureux,3615
3615,Lesniewicz,3616
3616,Begoun,3617
3617, Paula,3618
3618, Joseph and Seymour-Smith,3619
3619, Martin (EDT),3620
3620,Powell,3621
3621,Eggers,3622
3622, Dave (EDT) and Mortensen,3623
3623, Viggo (INT),3624
3624,Van Duyn,3625
3625, Mona,3626
3626,Sperling,3627
3627, Susan Kelz,3628
3628,Crossley-Holland,3629
3629,Kennealy,3630
3630, Melissa (ILT) and Ryder,3631
3631, Joanne,3632
3632,Shackleton,3633
3633, Ernest Henry,3634
3634, Sir,3635
3635,Messervy,3636
3636, Julie Moir and Abell,3637
3637, Sam (PHT),3638
3638, James and Lopresti,3639
3639,Hanegraaff,3640
3640, Hank and Maier,3641
3641,Anglund,3642
3642, Joan Walsh,3643
3643, Darrell,3644
3644,Marsalis,3645
3645, Wynton,3646
3646, Stewart,3647
3647, Frank (PHT),3648
3648,Firesmith,3649
3649, Donald G.,3650
3650,Dirgo,3651
3651, Jane (ILT) and Spinelli,3652
3652,People Magazine (New York,3653
3653, N. Y.) (EDT),3654
3654,Cushing,3655
3655, Carol C.,3656
3656,Wait,3657
3657, Lea,3658
3658,Volland,3659
3659,Hollander,3660
3660, Nicole and Hollander,3661
3661, Slyvia,3662
3662, Dwight,3663
3663,Baskett,3664
3664, Mickey,3665
3665, Sheerin,3666
3666, Baskett,3667
3667, Mickey (EDT),3668
3668, Gorder,3669
3669, and Payne,3670
3670, Covert,3671
3671,Rizzoli,3672
3672,J. I Biegeleisen,3673
3673,Newhouse,3674
3674, Elizabeth L. (EDT),3675
3675,Kubota,3676
3676, Hiroji,3677
3677,Hurley,3678
3678, William L.,3679
3679, and Raikes,3680
3680, Jeff (FRW),3681
3681,Smalling,3682
3682, Walter (PHT) and Brierton,3683
3683, Joan M.,3684
3684,Batra,3685
3685, Ravi and Batra,3686
3686, Raveendra N.,3687
3687,Menjivar,3688
3688, Josue (ILT),3689
3689, A. L.,3690
3690,Harkness,3691
3691, Ross H. and Jacques,3692
3692, Richard L.,3693
3693,Tukua,3694
3694, Deborah S.,3695
3695,Eckhardt,3696
3696, Linda West and Defoyd,3697
3697, Katherine West,3698
3698,Kerner,3699
3699, Fred,3700
3700,Harley,3701
3701, Slade,3702
3702, and Gattiker,3703
3703, Urs E.,3704
3704,Carpenteri,3705
3705, Stephen D. (EDT),3706
3706,Emerson,3707
3707, Ralph Waldo and Graham,3708
3708,Mathias,3709
3709, Barbara and French,3710
3710, M. A. H.,3711
3711,Baechle,3712
3712, Thomas R. and Groves,3713
3713, Barney R.,3714
3714, Stephen L.,3715
3715,Logan,3716
3716,Hirshberg,3717
3717, Meg Cadoux,3718
3718,Pavic,3719
3719, Milorad,3720
3720,Bolden,3721
3721, Tonya (EDT),3722
3722,Brogan,3723
3723,Ramos,3724
3724, Manuel,3725
3725,Abbott,3726
3726, Shirley,3727
3727,Carroll,3728
3728, Rick and Carroll,3729
3729, Marcie,3730
3730, David and Mendez,3731
3731, Antonio J. (FRW),3732
3732,Guttentag,3733
3733, Jack M.,3734
3734,Allison,3735
3735,Restak,3736
3736,Gottlieb,3737
3737, Bill (EDT) and Dollemore,3738
3738, Doug (EDT),3739
3739,Colagrande,3740
3740, John and Felder,3741
3741,Chekhov,3742
3742, Anton Pavlovich,3743
3743, Mamet,3744
3744, and Chernomordik,3745
3745, Vlada,3746
3746, Dana C. and McClure,3747
3747,Coberly,3748
3748,Jeffers,3749
3749, Ehrlich,3750
3750, and Perrault,3751
3751, James R. and Wiener,3752
3752, Roberta,3753
3753,Dahl,3754
3754,Kessler,3755
3755, J. Christian,3756
3756,Uris,3757
3757, Leon and Uris,3758
3758,Bond,3759
3759,Nesbit,3760
3760, Edith and Brock,3761
3761, C. E. (ILT),3762
3762,Nagel,3763
3763, Stuart S. and Neef,3764
3764, Michael (PHT),3765
3765, Rocheleau,3766
3766, Larkin,3767
3767, Garrett,3768
3768, Wendell,3769
3769, and Webb,3770
3770,Rugoff,3771
3771, Milton Allan,3772
3772,Guiberson,3773
3773, Brenda Z. and Lloyd,3774
3774, Megan (ILT),3775
3775,Fitzgerald,3776
3776, Randall,3777
3777,Fredrickson,3778
3778,Pentecost,3779
3779,Steward,3780
3780, H. Leighton (EDT),3781
3781, Bethea,3782
3782, Morrison C.,3783
3783, Andrews,3784
3784, Sam S.,3785
3785, Balart,3786
3786, Luis A.,3787
3787, and Steward,3788
3788, H. Leighton,3789
3789,Witchell,3790
3790,Crawford,3791
3791,Haas,3792
3792, Jessie,3793
3793,Seuss,3794
3794, Dr. and Booth,3795
3795, George (ILT),3796
3796, Mark Allen,3797
3797, M.D. and Baar,3798
3798,Paisner,3799
3799, Daniel and Picciotto,3800
3800, Michael M.,3801
3801,Farnsworth,3802
3802,Singer,3803
3803, Isaac Bashevis,3804
3804,Safir,3805
3805, Margery,3806
3806, James P.,3807
3807,Kolata,3808
3808, Robert T.,3809
3809, Gagnon,3810
3810, John H.,3811
3811, and Laumann,3812
3812, Edward O.,3813
3813,Kirk,3814
3814, Randy W.,3815
3815,Sabato,3816
3816, Larry J. and Simpson,3817
3817, Glenn R.,3818
3818,Savory,3819
3819, Roger M. (EDT),3820
3820,Michaelsen,3821
3821, O. V.,3822
3822,Michels,3823
3823, Dia L. and Levy,3824
3824, Matt (EDT) and Bresnick,3825
3825, Paul (EDT),3826
3826,Stanley,3827
3827, Mandy,3828
3828, Tony (EDT),3829
3829, Lyons,3830
3830, Nick (INT),3831
3831, Tony (INT),3832
3832, and Lyons,3833
3833, Nick (EDT),3834
3834, Mary C.,3835
3835,Aria,3836
3836, Barbara and Gon,3837
3837, Russell Eng,3838
3838,Wemischner,3839
3839,Tavares,3840
3840,Dowd,3841
3841, Shirley and Kurtti,3842
3842,Hammond Incorporated (COR),3843
3843,National Geographic Society (U. S.),3844
3844,Myracle,3845
3845, Lauren,3846
3846,Plant,3847
3847, Ian J.,3848
3848,Malaspina,3849
3849, Margaret A.,3850
3850, Geoffrey,3851
3851,Bissoondath,3852
3852,Schwebel,3853
3853, Philip and Ingpen,3854
3854, Robert R.,3855
3855, Gruber,3856
3856,Davidson,3857
3857, Jeffrey P.,3858
3858,Shrader,3859
3859, Charles Reginald (EDT),3860
3860,Goulding,3861
3861, Phil G.,3862
3862,Domar,3863
3863, Alice D.,3864
3864,McGregor,3865
3865,Morton,3866
3866,Ireys,3867
3867, Alice Recknagel,3868
3868,Gassenheimer,3869
3869,Conarroe,3870
3870, Joel (EDT),3871
3871,Purkey,3872
3872, William Watson,3873
3873,Talbot,3874
3874, John Michael,3875
3875,Shaub,3876
3876, Benjamin Martin,3877
3877,Greve,3878
3878,Hoopes,3879
3879,Ashmore,3880
3880, Harry S.,3881
3881,morgan,3882
3882, dan,3883
3883,Taube,3884
3884, Sophy,3885
3885,Onassis,3886
3886, Jacqueline Kennedy,3887
3887,Norwich,3888
3888, John Julius,3889
3889,John R. Taylor,3890
3890,Hornsby,3891
3891, Wendy,3892
3892,Simmons,3893
3893,Carruth,3894
3894, Gorton and Ehrlich,3895
3895, Eugene,3896
3896,Euripides and Rudall,3897
3897, Nicholas (TRN),3898
3898,Mills,3899
3899, Magnus,3900
3900,Busby,3901
3901, Cathy N. (EDT),3902
3902, Wagner-Martin,3903
3903, Linda (EDT),3904
3904, and Ammons,3905
3905,Streissguth,3906
3906,Gerras,3907
3907,Geyer,3908
3908, Georgie Anne,3909
3909,Prashker,3910
3910, Betty A. (EDT),3911
3911, Chapin,3912
3912, Schuyler,3913
3913, and Radiches,3914
3914, James A. Photographer,3915
3915,Jamsa,3916
3916, Kris A.,3917
3917, Dale A. and Clark,3918
3918,Mosley,3919
3919,Marchand,3920
3920,Cornwell,3921
3921,Crystal,3922
3922,Dalai Lama XIV,3923
3923, Cumming,3924
3924, Ian (PHT),3925
3925, Thupten Jinpa (TRN),3926
3926, and Cumming,3927
3927,Mastro,3928
3928,Vavra,3929
3929,Fitzpatrick,3930
3930, Joyce J. (EDT) and Montgomery,3931
3931, Kristen S. (EDT),3932
3932,Rose,3933
3933, Nancy Ellen,3934
3934,Hayter,3935
3935, Sparkle,3936
3936,Ventura,3937
3937, Piero and Casalini,3938
3938,Melford,3939
3939, Melford,3940
3940, and Kittredge,3941
3941, William (INT),3942
3942, Arthur William,3943
3943,Elkind,3944
3944, Mark (EDT) and Hirdt,3945
3945,Norton,3946
3946, Donna E and Norton,3947
3947, Saundra E.,3948
3948,Rottenberg,3949
3949,Westhorp,3950
3950, Chris (EDT),3951
3951, Trisha R.,3952
3952,Tames,3953
3953,De Blij,3954
3954, Harm J.,3955
3955,Savishinsky,3956
3956, Joel S.,3957
3957, Eugene L.,3958
3958,Schiro,3959
3959, James J. (EDT),3960
3960,Stollman,3961
3961, Aryeh Lev,3962
3962,Schmaeling,3963
3963,Fyfield,3964
3964, Frances,3965
3965,Drennan,3966
3966, Miriam and Anderson,3967
3967,Hardwick,3968
3968,Falwell,3969
3969,Lindsey,3970
3970, Lawrence B.,3971
3971,Meader,3972
3972, Robert F. W.,3973
3973, Katie and Lippman,3974
3974,Benedict,3975
3975,Popcorn,3976
3976, Faith and Marigold,3977
3977, Lys,3978
3978,Neuhauser,3979
3979, Peg C.,3980
3980, Studs (FRW),3981
3981, Royko,3982
3982, and Wille,3983
3983, Lois,3984
3984,n/a,3985
3985, Fitzroy,3986
3986,Mandell,3987
3987,Hazen,3988
3988, Gould,3989
3989, Stephen Jay (INT),3990
3990, and Singer,3991
3991,Spiegel,3992
3992, Celina and Buchmann,3993
3993, Bartholomew,3994
3994, Tori,3995
3995,Toll,3996
3996, Nelly S.,3997
3997,Wesson,3998
3998,Durnil,3999
3999, Gordon K.,4000
4000,MacLachlan,4001
4001,Ilatovskaya,4002
4002, Tatiana,4003
4003,Sheppard,4004
4004,Access Press,4005
4005, Nettleton,4006
4006, Pamela Hill,4007
4007,Dodson,4008
4008,Estrin,4009
4009, Herman A. and Elliot,4010
4010, Norbert,4011
4011,Chethik,4012
4012,Riley,4013
4013, Laura and Riley,4014
4014, Peter F.,4015
4015,Lebow,4016
4016,Gribbin,4017
4017, Bissette,4018
4018, and Sniegoski,4019
4019,Bush-Brown,4020
4020,Sehlinger,4021
4021, George C.,4022
4022,McCarthy,4023
4023, Colman,4024
4024,Kushi,4025
4025, Michio,4026
4026,Willis,4027
4027, Clint (EDT),4028
4028,Corbin,4029
4029, Bruce and Dietz,4030
4030, Katherine (ILT),4031
4031,Black,4032
4032, Uyless D.,4033
4033,Cummings,4034
4034, Priscilla and Cohen,4035
4035, A. R.,4036
4036,Broz,4037
4037, E. Mark (EDT),4038
4038,Hastings,4039
4039, Max and Jenkins,4040
4040, Susan Ramey and Wilens,4041
4041, Patricia (EDT),4042
4042,Lowe-Evans,4043
4043, Jonnie,4044
4044,Picknett,4045
4045, Lynn and Prince,4046
4046, Clive,4047
4047,Ajjan,4048
4048, Diana (EDT),4049
4049, Bruce R.,4050
4050, Maxine H.,4051
4051,Thomas Nelson Publishers,4052
4052,Saeks,4053
4053, Diane Dorrans,4054
4054,Lichtenheld,4055
4055, Tom (ILT) and Smallcomb,4056
4056,Prelutsky,4057
4057,Stancil,4058
4058, Rosemary Dunn and Wilkins,4059
4059, Lorela Nichols,4060
4060,Harpur,4061
4061, James and Romain,4062
4062,Berton,4063
4063,Frazier,4064
4064,Wilhelm,4065
4065,Tierney,4066
4066,Hacker,4067
4067, William Franklin,4068
4068,Taormina,4069
4069, Grace,4070
4070,Beranbaum,4071
4071, Rose Levy,4072
4072,Vanden Heuvel,4073
4073, Katrina (EDT),4074
4074,Platt,4075
4075, Ellen Spector,4076
4076,Baumgardner,4077
4077, Gunnar (EDT),4078
4078,King-Gamble,4079
4079,Lee,4080
4080, Bernice,4081
4081,Bruce,4082
4082, Cara and Montanarelli,4083
4083,Chafe,4084
4084, William Henry,4085
4085, Tony (ILT) and Danziger,4086
4086, Carol A.,4087
4087, Pool,4088
4088, Joyce Oudkerk (PHT),4089
4089, Taggart,4090
4090, and Taggart,4091
4091,Wang,4092
4092, Harvey and Isay,4093
4093,Boyle,4094
4094, T. Coraghessan,4095
4095,Rees,4096
4096, Celia,4097
4097,Brass,4098
4098, Ken and McKenzie,4099
4099, Kirsty,4100
4100, Marjorie Canfield,4101
4101,Nahai,4102
4102, Gina Barkhordar,4103
4103,Keats,4104
4104, Ezra Jack,4105
4105,Cronkite,4106
4106, Haberman,4107
4107, Irving (PHT),4108
4108, and Barth,4109
4109, Miles,4110
4110,Searls,4111
4111, Doc,4112
4112, Weinberger,4113
4113, Locke,4114
4114, and Levine,4115
4115,Bramblett,4116
4116, Reid and Kennedy,4117
4117,Gropp,4118
4118, Louis Oliver (EDT),4119
4119, Kennedy,4120
4120, Margaret (EDT),4121
4121, and Clark,4122
4122,Snicket,4123
4123, Lemony and Helquist,4124
4124, Brett (ILT),4125
4125,Hiaasen,4126
4126,Gilkerson,4127
4127,Lougheed,4128
4128,Ruth,4129
4129, Jamee,4130
4130,Mellow,4131
4131, James R.,4132
4132,Woldman,4133
4133, Albert A,4134
4134,Okakura,4135
4135, Kakuzo,4136
4136,Crockett,4137
4137, James Underwood,4138
4138,Kerr,4139
4139, W. Park,4140
4140, Barbara and Stevenson,4141
4141,Lauber,4142
4142,Bodmer,4143
4143, W. F. and McKie,4144
4144,Seinfeld,4145
4145,Gliori,4146
4146, Debi (ILT) and Dunbar,4147
4147,Beard,4148
4148,Victoroff,4149
4149,Cullen,4150
4150, John (TRN) and Khadra,4151
4151, Yasmina,4152
4152,Hahn,4153
4153, Daniel (EDT),4154
4154, Flynn,4155
4155, Leonie (EDT),4156
4156, and Reuben,4157
4157,Zabar,4158
4158, Abbie,4159
4159,Merriam-Webster,4160
4160,Goodwin,4161
4161,Muntean,4162
4162, Michaela,4163
4163, Obligado,4164
4164, Lilian (ILT),4165
4165, and Obligado,4166
4166, Lilian (EDT),4167
4167, Sharon and Sims,4168
4168, Deborah (ILT),4169
4169,New York Public Library (COR) and Skillion,4170
4170,Montgomery,4171
4171, Kimberly,4172
4172, Richard and Sewall,4173
4173, Harriett,4174
4174,Truss,4175
4175,Gilliam,4176
4176,Roazen,4177
4177, Ayn,4178
4178,Beop-Ryong,4179
4179, Yeo and Hui-Jin,4180
4180, Park (ILT),4181
4181,Itabashi,4182
4182, Masahiro and Tamakoshi,4183
4183, Hiroyuki (ILT),4184
4184,Kessner,4185
4185,Marquis,4186
4186, Arnold,4187
4187,Levering,4188
4188, Miriam (EDT),4189
4189, Stryk,4190
4190, Lucien (FRW),4191
4191, and Levering,4192
4192, Miriam (INT),4193
4193,Stegner,4194
4194, Wallace Earle,4195
4195, Porter,4196
4196, Eliot,4197
4197, Stegner,4198
4198, Page,4199
4199, and Macrae,4200
4200,Yutenji,4201
4201, Ako and Ashamalla,4202
4202,Hamazaki,4203
4203, Tatsuya (CRT) and Idumi,4204
4204, Rei (ILT),4205
4205,Na,4206
4206, Woo,4207
4207, Lee,4208
4208, Kang-Woo,4209
4209, and Jaffe,4210
4210, Taliesin,4211
4211,Vin,4212
4212, Lee (CRT),4213
4213,Hyun,4214
4214, You,4215
4215, Park,4216
4216, Woo Sok,4217
4217, and Yu,4218
4218, Hyon,4219
4219,Sugisaki,4220
4220, Yukiru,4221
4221,Morrissey,4222
4222, Paul and Shurei,4223
4223, Kouyu,4224
4224,Brady,4225
4225, Shelly and Macy,4226
4226, William H. (FRW),4227
4227,Morelock,4228
4228, J. D. and Boyne,4229
4229, Walter J. (EDT),4230
4230,Montville,4231
4231,Gafni,4232
4232, Shlomo (EDT),4233
4233,Sun-Hee,4234
4234, Lee and Schultz,4235
4235, Sunah Kim (TRN),4236
4236,Noh,4237
4237, Mi Young,4238
4238, Marraffino,4239
4239, and Reyes,4240
4240, Luis,4241
4241,Yoshimoto,4242
4242, Ray (TRN),4243
4243, Jamie S. (ADP),4244
4244, and Murakami,4245
4245, Maki,4246
4246,Friedland,4247
4247, Susan R.,4248
4248,Stossel,4249
4249,Garden Way,4250
4250,MacLeod,4251
4251, Ian R.,4252
4252,Sinatra,4253
4253,Vanderhaeghe,4254
4254, Lorna R. and Karst,4255
4255, Karlene,4256
4256,Van Der Vat,4257
4257, Dan and Eisenhower,4258
4258, John S. D. (INT),4259
4259,Fleder,4260
4260, Rob (EDT),4261
4261,Neuburger,4262
4262, Karen and Schiff,4263
4263, Kristiana and Campbell,4264
4264, Mary Exa Atkins,4265
4265,Winkler,4266
4266, Oliver,4267
4267, Lin,4268
4268, and Heyer,4269
4269, Carol (ILT),4270
4270,Weninger,4271
4271, Brigitte,4272
4272, Tharlet,4273
4273, Eve (ILT),4274
4274, and Lanning,4275
4275, Carla Fitzgerald,4276
4276, Paul C.,4277
4277,Hibbert,4278
4278, Christopher (EDT) and Newsweek,4279
4279, Trevor N.,4280
4280, Johnson,4281
4281, Curt,4282
4282, and Bongard,4283
4283, David L.,4284
4284,Daelemans,4285
4285,Feiffer,4286
4286, Jules,4287
4287,Jin Lee,4288
4288, Myung,4289
4289,Saiga,4290
4290, Reiji,4291
4291, Inoue,4292
4292, Sora,4293
4293, and Duran,4294
4294, Lucan,4295
4295,In-Soo,4296
4296, Ra and Jae-Hwan,4297
4297, Kim,4298
4298,Stein,4299
4299, Melissa (EDT),4300
4300, Kaemon,4301
4301, Amy Court (EDT),4302
4302, Taylor,4303
4303, Allison (EDT),4304
4304, and Buscemi,4305
4305,Rymer,4306
4306, Nan,4307
4307, Koge Donbo,4308
4308,NutriBase,4309
4309,Bryant,4310
4310, Megan E.,4311
4311,Yolen,4312
4312, Jane and Teague,4313
4313,COOLEY,4314
4314,Bennis,4315
4315, Warren G.,4316
4316,Shachtman,4317
4317,Students Helping Students,4318
4318, Phinney,4319
4319, Siobhan (EDT),4320
4320, Hutchin,4321
4321, Megan (EDT),4322
4322, and Suh,4323
4323, Albert (EDT),4324
4324,Ericsson,4325
4325,Haig,4326
4326,Nader,4327
4327,Baillie-Hamilton,4328
4328, Paula and Hamilton-Baillie,4329
4329, Paul and Cherewatenko,4330
4330, Vern S.,4331
4331, Won,4332
4332, Kim Kang,4333
4333, Kan-Won,4334
4334, and Murphy,4335
4335, Bailey,4336
4336,Duke,4337
4337, Nikki and Lagarrigue,4338
4338, Jerome (ILT),4339
4339, G. Brian,4340
4340,Bruchac,4341
4341, Joseph and Andreasen,4342
4342, Dan (ILT),4343
4343,Lynch,4344
4344, Huang,4345
4345, Chungliang Al,4346
4346, and Huang,4347
4347, Al Chung-Liang,4348
4348, Tracy,4349
4349,Park,4350
4350, Sang-Sun,4351
4351, Sparrow,4352
4352, Jo,4353
4353, Eun-Ha,4354
4354, Park (ART),4355
4355, Seung-Ah (TRN),4356
4356, and Deitrich,4357
4357, Jason,4358
4358,Inui,4359
4359, Sekihiko and Richie,4360
4360,Aki,4361
4361, Katsu,4362
4362, and Frazier,4363
4363, Jan Scott (TRN),4364
4364,Jin,4365
4365, Ha,4366
4366,Cramer,4367
4367, Richard Ben,4368
4368,Malloy,4369
4369, Merrit (EDT) and Rose,4370
4370, Emerald (EDT),4371
4371,Noonan,4372
4372, John Thomas,4373
4373,Sutherland,4374
4374, Ginger,4375
4375,Pelz,4376
4376, Dave and Mastroni,4377
4377,Blumenfeld,4378
4378, Yorick (EDT),4379
4379,Naughton,4380
4380,Ridley,4381
4381,Metzger,4382
4382, Deena,4383
4383,Rushton,4384
4384, Rosie,4385
4385,Littman,4386
4386,ST. James Elaine,4387
4387,Jonas,4388
4388,Swirsky,4389
4389, Joan and Nannery,4390
4390, Diane Sackett,4391
4391, Jill (ILT),4392
4392, Dana (ILT),4393
4393, Buller,4394
4394, Schade,4395
4395, and Warner,4396
4396, Sally (ILT),4397
4397,Sofo,4398
4398, Frank (ILT) and Jerome,4399
4399, Kate Boehm,4400
4400,Komorn,4401
4401,Odewahn,4402
4402, Yolanda,4403
4403, and Royal Perth Yacht Club (Perth,4404
4404, W. A.) (COR),4405
4405,Franck,4406
4406, Irene M. and Brownstone,4407
4407,Zinczenko,4408
4408, David and Spiker,4409
4409,Naslund,4410
4410, Sena Jeter,4411
4411,Morrow,4412
4412, Jude,4413
4413,Chatzky,4414
4414, Jean Sherman,4415
4415,Herrick,4416
4416,Kengor,4417
4417,Isenberg,4418
4418,Merser,4419
4419, Cheryl and Garden Design Magazine (EDT),4420
4420,Reader's Digest Association (EDT),4421
4421,Newdick,4422
4422, Jane and Sutherland,4423
4423,Balch,4424
4424, Phyllis A. and Balch,4425
4425,Reisser,4426
4426,Swift,4427
4427, and Kennedy,4428
4428, Ai,4429
4429,Person,4430
4430, Ron,4431
4431, Winter,4432
4432, and Tidrow,4433
4433, Yuy,4434
4434,Tyrrell,4435
4435, R. Emmett,4436
4436, Jr. and Davis,4437
4437, Mark W.,4438
4438,Lupica,4439
4439,Shaw,4440
4440, Tucker,4441
4441,Mathabane,4442
4442,Spann,4443
4443, Mary Beth,4444
4444,Sorrell,4445
4445,Holm,4446
4446, Anne and Kingsland,4447
4447, L. W.,4448
4448,Andrew,4449
4449, Donna T. and McGowen,4450
4450,Fossum,4451
4451, Karin and David,4452
4452, Felicity,4453
4453,Treacy,4454
4454,Waller,4455
4455, Douglas C.,4456
4456,Blacklaws,4457
4457, Troy,4458
4458,Everson,4459
4459, Eva Marie and Everson,4460
4460, Jessica,4461
4461,Harraps,4462
4462,Jaisingh,4463
4463, Lloyd R.,4464
4464, Thomas and Proctor,4465
4465,Andacht,4466
4466,Ettin,4467
4467, Andrew Vogel,4468
4468,Hamill,4469
4469, Pete,4470
4470,McCarry,4471
4471, Reiji and Inoue,4472
4472, Sora (ILT),4473
4473, Miriam E. and Wernick,4474
4474, Isobel,4475
4475,Rettenmund,4476
4476, Matthew and Munyan,4477
4477, Keith (PHT),4478
4478,Turan,4479
4479,Murfitt,4480
4480, Janice and Grater,4481
4481,Hurd,4482
4482,Josselin,4483
4483, Jean-Marie,4484
4484, Masuda,4485
4485, Coco (ILT),4486
4486, and Jacobs,4487
4487,Calvino,4488
4488, Italo,4489
4489,Woodard,4490
4490, Thomas K. and Greenstein,4491
4491, B.,4492
4492,Gardam,4493
4493,Verne,4494
4494,NFL (EDT),4495
4495,Straus,4496
4496,Soto,4497
4497, Theodore and Haralambou,4498
4498, Harry (PHT),4499
4499,Kingsley,4500
4500, Jason and Levitz,4501
4501, Mitchell,4502
4502,Stanny,4503
4503,Savage,4504
4504,Webster,4505
4505,Lawrence,4506
4506, Richard Russell (EDT),4507
4507,Severe,4508
4508,Gilb,4509
4509, Dagoberto,4510
4510,National Geographic Society (U. S.) (EDT),4511
4511, Tonya Lewis and Anthony,4512
4512, Crystal McCrary,4513
4513,Borysenko,4514
4514,Dozois,4515
4515, Gardner R. (EDT),4516
4516, Sterling,4517
4517,Kass,4518
4518, Leon R.,4519
4519,Rushforth,4520
4520, Keith D.,4521
4521,Mrazek,4522
4522,Driscoll,4523
4523, Hapka,4524
4524, and Neye,4525
4525, Margreaves,4526
4526, Toni (ILT),4527
4527, Hargreaves,4528
4528, and Edwards,4529
4529, Brin (ILT),4530
4530,Allende,4531
4531, Isabel and Peden,4532
4532, Margaret Sayers,4533
4533,Roper,4534
4534, Robert (ILT) and Valdes,4535
4535,Rosten,4536
4536, Leo Calvin (EDT),4537
4537,Tremain,4538
4538,Brodowsky,4539
4539, Pamela K. and Fazio,4540
4540, Evelyn M.,4541
4541, Alexandra and Wilner,4542
4542, Abby,4543
4543,De Mente,4544
4544, Boye,4545
4545,Jorgensen,4546
4546, Richard H.,4547
4547,Hershkowitz,4548
4548, Sue A.,4549
4549,Gibilisco,4550
4550, Stan,4551
4551,Melanson,4552
4552, Philip H. and Stevens,4553
4553,Hyland,4554
4554, M. J.,4555
4555,Gurney,4556
4556, Albert Ramsdell,4557
4557,Dallas,4558
4558,Frankeny,4559
4559, Frankie (PHT) and Mitchell,4560
4560,Tamborlane,4561
4561, William V. (EDT),4562
4562, Weiswasser,4563
4563, Janet Z. (EDT),4564
4564, Fung,4565
4565, Held,4566
4566, Nancy A. (EDT),4567
4567, and Liskov,4568
4568, Tara Prather (EDT),4569
4569,Alfonsi,4570
4570, Alice (ADP),4571
4571, Schulz,4572
4572, Lobianco,4573
4573, Nick (ILT),4574
4574, and Lobianco,4575
4575, Peter (ILT),4576
4576,Haywood,4577
4577, Carolyn and Haywood,4578
4578, Carolyn (ILT),4579
4579,Wallis,4580
4580, David (EDT) and Wallis,4581
4581, David (INT),4582
4582,Zeises,4583
4583, Lara M.,4584
4584,Driver,4585
4585, Jim (EDT),4586
4586,Eisner,4587
4587, Michael D.,4588
4588,Reichman,4589
4589, Tracie,4590
4590,Loring,4591
4591,Kaehler,4592
4592, Kathy and Olson,4593
4593, Cheryl K.,4594
4594,Irwin,4595
4595, Kyle,4596
4596,Limb,4597
4597,Gibbon,4598
4598, Stephen E. (FRW) and Mullener,4599
4599,Vorhaus,4600
4600, Michlin,4601
4601, Nell Rogers,4602
4602, and Bode,4603
4603, Christine Ernst,4604
4604,Massey,4605
4605, Sujata,4606
4606,Alterman,4607
4607,Thoene,4608
4608, Bodie and Thoene,4609
4609, Brock,4610
4610,American Association of University Women,4611
4611, AAUW members,4612
4612, Bonni,4613
4613,Al-Farsy,4614
4614, Fouad,4615
4615,Lahita,4616
4616, Robert G. and Phillips,4617
4617,Munro,4618
4618, Eleanor C. (EDT),4619
4619,Wuthnow,4620
4620,Matlock,4621
