name,author_id
Stepanek,1
Mattie J. T.,2
Aksyonov,3
Vassily,4
Heim,5
Michael Henry,6
and Bouis,7
Antonina W.,8
Smith,9
Richard,10
Miller,11
Judith,12
Engelberg,13
Stephen,14
and Broad,15
William J.,16
Gomes,17
Peter J.,18
Bragg,19
Rick,20
Jackley,21
John L.,22
Aymar,23
Brandt (EDT),24
Gertz,25
Bill,26
Kay,27
Terry,28
Haufler,29
Hervie,30
Kulka,31
John (EDT),32
Danford,33
Natalie (EDT),34
and Oates,35
Joyce Carol (EDT),36
Moore,37
Thomas,38
Preston,39
Caroline,40
Girzone,41
Joseph F.,42
Hopkins,43
Andrea,44
Kushner,45
Harold S.,46
Conway,47
Jill Ker (EDT),48
Robinson,49
Archie,50
Terkel,51
Studs,52
Bernhard,53
Sandra,54
Goldman,55
Kevin,56
Pollack,57
Mark H. (EDT) and Rosenbaum,58
J. F. (EDT),59
Scarisbrick,60
J. J.,61
Coles,62
Robert,63
Gould,64
James L. and Gould,65
Carol Grant (EDT),66
Parrott,67
Les,68
Geoffrey A.,69
McLaughlin,70
Ann L.,71
Iovine,72
Vicki,73
Watson,74
John H. and Millett,75
Larry (EDT),76
Goetzmann,77
William H.,78
Osborne,79
David and Gaebler,80
Ted,81
Price-Thompson,82
Tracy (EDT) and Stovall,83
Taressa (EDT),84
Naisbitt,85
John and Aburdene,86
Patricia,87
Buckley,88
William F.,89
Mirkin,90
Gabe and Rich,91
Diana,92
Brooks,93
Bruce,94
Mezrich,95
Ben,96
Cohen-Sandler,97
Roni,98
Ph.D.,99
Reagan,100
Ronald and Hannaford,101
Peter,102
De Pree,103
Max,104
Rich,105
Adrienne Cecile,106
Villa,107
Richard A. (EDT) and Thousand,108
Jacqueline S. (EDT),109
Ross-Larson,110
Roberts,111
Nancy,112
Owen,113
David,114
Grollman,115
Earl A.,116
Halliday,117
E. M.,118
Powter,119
Susan,120
Bean,121
Billy and Bull,122
Chris,123
Fowlkes,124
Frank V.,125
Glen,126
Samantha and Moore,127
Mary Tyler (INT),128
Fuentes,129
Carlos and Christensen,130
Thomas (TRN),131
Kramer,132
Peter D.,133
Newbold,134
Heather (EDT),135
Ross,136
Pat,137
Peeke,138
Pamela,139
Weisgard,140
Leonard (ILT) and Wahl,141
Jan,142
Galbraith,143
John Kenneth,144
Rosen,145
Robert (EDT),146
Digh,147
Singer,148
Marshall,149
and Phillips,150
Carl,151
Hildebrand,152
Ron (ILT) and Merwin,153
John,154
Cleage,155
Pearl,156
Reidy,157
Sue,158
Hammer,159
Michael and Champy,160
James,161
Dashe,162
Alfred M.,163
Spence,164
Jonathan D.,165
Worsley,166
Frank Arthur,167
Horney,168
Karen (EDT),169
Donaldson,170
Stephen R.,171
Lederer,172
Stone,173
Howard and Stone,174
Marika,175
Sorel,176
Edward,177
Kennelly,178
Brendan,179
Donovan,180
Katie,181
and Jeffares,182
A. Norman,183
NATAHANIEL CURRIER and JAMES MERRITT,184
O'Brian,185
Patrick,186
Prima,187
Haynes,188
Melinda,189
Winthrop,190
Gerson,191
Allan,192
Moses-Hrushovski,193
Rena,194
Bernstein,195
Carl and Woodward,196
Bob,197
Lord,198
Graham,199
Byrne,200
Muriel St. Clare (EDT),201
Davenport,202
Zoe,203
Mill,204
John Stuart and Stillinger,205
Jack (EDT),206
Joseph F. Girzone,207
Martin Cruz,208
Rainey,209
Dennis and Rainey,210
Barbara,211
Dershowitz,212
Alan M.,213
Derouin,214
Claire,215
Cheng,216
Nien,217
Clark,218
Mary Higgins,219
Scully,220
Vincent,221
Northen,222
Rebecca Tyson,223
Lang,224
Paul Henry,225
Morris,226
Desmond,227
McCartney,228
Linda,229
Frank,230
Hoeye,231
Michael,232
Truman,233
Margaret,234
Schirripa,235
Steve and Fleming,236
Charles,237
Elkin,238
Stanley,239
Bantock,240
Nick,241
Ballard,242
Hayford,243
Jack W.,244
Pickard,245
Jenkins,246
Tudor,247
Tasha (ILT),248
Brown,249
Linda Beatrice,250
Moser,251
Barry (ILT) and Hamilton,252
Virginia,253
Boswell,254
Benjamin,255
Sarton,256
May,257
Brodkey,258
Harold.,259
Dobson,260
James C.,261
Freeling,262
Nicolas,263
Anderson,264
Murray,265
Kathleen,266
and Arnold,267
Alli (ILT),268
Provoost,269
Anne and Nieuwenhuizen,270
Colfer,271
Eoin,272
Baker,273
Nicholson,274
Bell,275
Madison Smartt,276
Rocheleau,277
Paul (ILT) and Homsen,278
Katharine,279
Walsch,280
Neale Donald,281
McDowell,282
Josh and Hostetler,283
Barry,284
Dave,285
Good,286
Phyllis Pellman,287
Vachss,288
Andrew H.,289
Schwartz,290
Arthur,291
Shulman,292
Martha Rose and Drechsler,293
Debbie (ILT),294
Price,295
Reynolds,296
Gesue,297
Monica (ILT) and Bonnell,298
Jennifer,299
Davies,300
Robertson,301
Sears,302
Barry and Goodbody,303
Mary,304
Pipher,305
Mary Bray,306
Seward,307
Barrett,308
Patti,309
Bales,310
Suzanne Frutig,311
Batchelor,312
John Calvin,313
Begley,314
Louis,315
Linsley,316
Leslie,317
Aron,318
Jon (PHT),319
and Savonen,320
Robby (ILT),321
Ferris,322
Timothy,323
Weil,324
Andrew,325
Gillespie,326
Jane,327
Amos,328
Deborah,329
Vinge,330
Vernor,331
Orman,332
Suze,333
Gilbert,334
Penner,335
Clifford and Penner,336
Joyce,337
Vaganova,338
A. Ia.,339
Hinn,340
Benny,341
Schulz,342
Charles M. and Larkin,343
David (EDT),344
Moyers,345
Bill D.,346
Grubin,347
and Haba,348
Johnson,349
Dave and Housenbold,350
Jeffrey,351
Williams,352
Neville,353
Sadie,354
Santelli,355
Robbins,356
Alexandra,357
Enroth,358
Ronald,359
Kavanaugh,360
James J,361
Rosenfeld,362
Harvey,363
Ripken,364
Cal,365
Jr. and Bryan,366
Mike,367
Rand,368
Ted (ILT),369
Martin,370
and Archambault,371
Bykofsky,372
Sheree and Sander,373
Jennifer Basye,374
Waldman,375
Ayelet,376
Ryan,377
Alan (EDT),378
Brinkman,379
Rick and Kirschner,380
Hannity,381
Sean,382
Shakespeare,383
William and Hibbard,384
G. R. (EDT),385
Synge,386
John Millington and Saddlemyer,387
Ann (EDT),388
Westheimer,389
Ruth K. and Kaplan,390
Steven,391
Hartmann,392
William K.,393
Hammerschlag,394
Carl A.,395
Dixon,396
Dougal and Burton,397
Bauer,398
Joan,399
Dickens,400
Charles and Sanders,401
Andrew (EDT),402
Neimark,403
Jill,404
Melton,405
J. Gordon,406
William and Holland,407
Peter (EDT),408
Jacques,409
Brian and Chalk,410
Gary (ILT),411
Bodanis,412
McCaffrey,413
Anne,414
Winn,415
Mayo Clinic (COR) and Buettner,416
Helmut (EDT),417
Martinez,418
Victor,419
Garrity,420
John (INT) and Bishop,421
Schuyler (EDT),422
Chopra,423
Deepak,424
Brabec,425
Bowen,426
Frame,427
Jeron Ashford and Holladay,428
Scott (ILT),429
Peterson,430
Henry and Bradbury,431
Nicola (EDT),432
Bridges,433
William,434
Butterfield,435
Herbert,436
Silver,437
Burton,438
Thurman,439
Robert A. F.,440
Baudez,441
Claude F. and Picasso,442
Sydney,443
Erman,444
Adolf,445
Zatz,446
Aline and Zatz,447
Joel,448
Henderson,449
John S.,450
Turner,451
Stansfield,452
Mayer,453
Henry,454
Adler,455
David A. and Natti,456
Susanna (ILT),457
Chabon,458
Reynolds (EDT),459
Schumacher,460
Burgess,461
Melvin,462
Malone,463
Maggie,464
McCubbin,465
Hamilton I. (EDT),466
Gibson,467
Gregory,468
Liang,469
Zhang (COM),470
Nathan,471
Andrew J. (EDT),472
Link,473
Perry (EDT),474
Andrew J.,475
Zhang,476
E. Perry (EDT),477
Liang (EDT),478
E. Perry,479
and Liang,480
Woititz,481
Janet Geringer,482
Fell,483
Derek and Erler,484
Catriona,485
Mellan,486
Olivia,487
Gerstner,488
Louis V.,489
Jr.,490
Hughes,491
Heide,492
and Hughes,493
Heidi,494
Ellen H. (EDT),495
Andersen,496
Hans Christian,497
Levine,498
Gail Carson,499
Elliott,500
Mark (ILT),501
and Elliott,502
Mark,503
O'Mara,504
Lesley and Geldart,505
William Geldart (ILT),506
Boteach,507
Shmuel,508
Muller,509
Marcia,510
Heller,511
Bolt,512
Karon,513
Jan and Weidner,514
Teri (ILT),515
Alvarez Garcia,516
Teresa (EDT),517
Rodger,518
Liam (EDT),519
and Ron Diaz,520
Elena (EDT),521
Fallows,522
James M.,523
Lidell,524
Lucinda,525
Sara,526
Cooke,527
Carola Beresford,528
and Porter,529
Anthony,530
Holland,531
Mahnken,532
Rubin,533
Lillian B.,534
Stepp,535
Laura Sessions,536
Lehmann,537
Jay,538
Weiss,539
Michael J.,540
Larson,541
Gary,542
Shuster,543
Bud,544
Rogers,545
Jim,546
Timmerman,547
Kenneth R.,548
Eiseley,549
Loren C.,550
Morgan,551
Marlo,552
McClure,553
Stuart,554
Scambray,555
and Kurtz,556
George,557
Sexton,558
Harbison,559
Elizabeth M. and McGowan,560
Bloom,561
Pritchett,562
V. S.,563
Navigators,564
Davis,565
Kenneth C.,566
Dale,567
Shapiro,568
Ronald M.,569
and Jankowski,570
Mark A.,571
Cassirer,572
Ernst,573
Iooss,574
Walter (PHT),575
and Vancil,576
Mark (EDT),577
O'Neil,578
L'Engle,579
Madeleine,580
Lehrer,581
and Osnos,582
Chidekel,583
Dana,584
Coburn,585
Jake,586
Dessen,587
Sarah,588
Rendall,589
Ivan,590
Graber,591
Steven and Lipsman,592
Cooley,593
Denton A.,594
M.D. and Moore,595
Carolyn E.,596
Oberman,597
Lola and Swan,598
Joy (ILT),599
MacLean,600
Norman,601
Elizabeth,602
Graff,603
Marie Louise,604
Muhlberger,605
Spencer,606
Camika,607
Plato and Hamilton,608
Walter,609
Wright,610
H. Norman,611
Coville,612
Lumb,613
Yohn,614
Susan M.,615
Card,616
Emily and Kelly,617
Christie Watts,618
Finch,619
Phillip,620
Welsh,621
Alexander,622
Bragdon,623
Allen D.,624
Kelly,625
Kate,626
Jackson,627
Albert and Day,628
Smyth,629
Charles Piazzi,630
Bergen,631
Peter L.,632
DiSpirito,633
Rocco,634
Leutwyler,635
and Sherer,636
Kris,637
Wegman,638
Kismaric,639
Carole,640
and Heiferman,641
Marvin,642
Gardenway Book (EDT),643
International Center of Photography (PHT),644
Hollander,645
Anne (EDT),646
Handy,647
Ellen (EDT),648
and Handy,649
Ellen,650
Armstrong,651
McCain,652
John and Salter,653
Timperlake,654
Edward and Triplett,655
William C.,656
II,657
Giff,658
Patricia Reilly,659
Pearson,660
Carol S.,661
Yerby,662
Franey,663
Pierre,664
Jarrett,665
Lauren (ILT),666
and Flaste,667
Boardman,668
Goldberg,669
Bernard,670
Bender,671
Smallin,672
Donna,673
MacNelly,674
Jeff and Margolis,675
Jon,676
Sanders,677
Ovid,678
Melville,679
A. D. (TRN),680
and Kenney,681
E. J. (INT),682
Zola,683
Emile,684
Collier,685
Peter (TRN),686
and Lethbridge,687
Robert (TRN),688
California Coastal Commission,689
Caughman,690
Madge,691
and Ginsberg,692
Joanne S.,693
Kalman,694
Bobbie,695
Dillard,696
J. M. and Dillar,697
J. M.,698
Fox,699
Michael W.,700
Barber,701
Phil and Didinger,702
Ray,703
Caudill,704
Maureen,705
Fleming,706
"""Better Homes and Gardens""",707
Thomas (EDT),708
Rust,709
Art and Marley,710
Jim and Wallace,711
Carol,712
Berry,713
Laura Ashley (Firm) (COR),714
Ashley,715
Laura,716
and Kuscenko,717
Valerie (EDT),718
Eisler,719
Kim Isaac,720
National Criminal Justice Commission (U. S.) (COR) and Donziger,721
Steven A. (EDT),722
Wilner,723
Abby and Stocker,724
Catherine,725
Frohnmayer,726
Sullivan,727
Mary Beth and Bourke,728
Ackerman,729
Robert J.,730
Evans,731
Walker and Rathbone,732
Belinda,733
Georgano,734
G. N.,735
Stevenson,736
Robert Louis and Letley,737
Emma,738
Jeffcoat,739
A. E.,740
Lewis,741
Dyer,742
Wayne W.,743
Balcomb,744
Foster,745
Larry,746
and Minasian,747
Stanley M.,748
White,749
E. B. and Thurber,750
Hoagland,751
Antoniou,752
Hobhouse,753
Penelope and McDonald,754
Elvin (CON),755
Walsh,756
Helen,757
Prose,758
Francine,759
Findley,760
Simon,761
Dallek,762
Maddox,763
Brenda,764
Stewart,765
Sicherman,766
Barbara (EDT) and Green,767
Carol Hurd (EDT),768
Furgurson,769
Ernest B.,770
Swindoll,771
Charles R.,772
Snow,773
Kimberley,774
Nowinski,775
Joseph,776
The New Yorker,777
Joy,778
Anna,779
Blackstone,780
Margaret and Snyderman,781
Nancy L.,782
M.D.,783
Graver,784
Sharma,785
Akhil,786
Seigel,787
Cotterell,788
Heilbrun,789
Carolyn G.,790
Grossman,791
David and Rosenberg,792
Betsy (TRN),793
Sunset Books,794
Degrandpre,795
Richard J.,796
Kluger,797
Simons,798
Robin,799
Birkhead,800
Mike and Birkhead,801
Tim,802
Libo,803
Kenneth and Howe,804
Irving,805
Fowler,806
Munson,807
Ronald and Hoffman,808
Christopher A.,809
Spada,810
Nakashima,811
McCullough,812
Alistair,813
Li,814
Jacobs,815
Harriet,816
Child,817
Lydia Maria Francis,818
and Brent,819
L.,820
Springer,821
Macy,822
Caitlin,823
Zwerdling,824
Alex,825
Jewell,826
Diana Lewis,827
Rex (ILT),828
and Rex,829
Jamison,830
Cheryl Alters,831
and Shaw,832
Ferber,833
Alter,834
Moira and Deuchar,835
Ian (ILT),836
Greenleaf,837
Mairs,838
Cole,839
Benjamin and Gurr,840
Nadine,841
Winokur,842
Jon (EDT),843
Gale,844
Harold,845
Okrent,846
Daniel,847
Stack,848
Carol B.,849
Francisco and Golman,850
Francisco,851
Merry,852
Robert W.,853
Sulloway,854
Frank J.,855
Mariners' Museum (Newport News,856
Va.) (COR),857
Geer,858
George S. (EDT),859
and Marvel,860
William (EDT),861
Lester,862
Joan Steinau and Norton,863
Eleanor Holmes,864
Shivers,865
Frank R.,866
Busch,867
Frederick,868
Maier,869
Paul L.,870
Kathy,871
Scovell,872
and Appleton,873
Amy Sarah,874
Kuklin,875
York,876
Sarah Mountbatten-Windsor,877
Duchess of,878
Freedman,879
Estelle B. and D'Emilio,880
Medved,881
Anistatia R. and Brown,882
Jared M.,883
Blackmur,884
R. P,885
Bausch,886
Hundt,887
Reed E.,888
Krauzer,889
Steven M.,890
Omartian,891
Stormie,892
Paul M.,893
Parker,894
Robert M.,895
Jordan,896
Larry E,897
Diagram Group,898
Gulland,899
Karen,900
Collins,901
Jackie,902
Mark E.,903
Patterson,904
Debbie (PHT),905
Thompson,906
and Coe,907
Miriam,908
William and Seward,909
Tim (EDT),910
Goodman,911
Jordan Elliot and Bloch,912
H. I. Sonny,913
Allen,914
Charles L.,915
Leuchtenburg,916
William E.,917
MacKin,918
Sandra Lee,919
Desalvo,920
Louise,921
D'Arcy,922
Kathleen Walsh,923
and Hogan,924
Katherine,925
Segil,926
Larraine,927
Sharpe,928
Tom,929
Barker,930
Joel Arthur,931
Gina,932
Garner,933
Joe,934
Moe,935
Richard and Wilkie,936
Carter,937
Kimber,938
Rita (TRN),939
and Muller,940
Melissa,941
Izzo,942
John B. and Klein,943
Eric,944
Kraybill,945
Donald B.,946
Michael S.,947
Rosemond,948
Drape,949
Paton,950
Bruce C.,951
Smithsonian Institution (COR) and Hirzy,952
Ellen Cochran (EDT),953
Moriarty,954
Gleason,955
Michael P.,956
Avi and Floca,957
Brian (ILT),958
Krasemann,959
Stephen J.,960
Vanzant,961
Iyanla and Wilcots,962
Almasi,963
Iyanla,964
Rosenthal,965
Jackowski,966
Edward J.,967
Ph.D. and Jeffers,968
Youzell (ILT),969
Brouwer,970
Sigmund,971
Abby Aldrich Rockefeller Folk Art Museum,972
Depalma,973
Kathleen A.,974
WOLTERS,975
RICHARD A.,976
Von Matthiessen,977
Maria,978
Jourard,979
Sidney M.,980
Holman,981
Sheri,982
Pearsall,983
Margaret E.,984
Gerald White,985
Fisher,986
Vaughan,987
Susan C.,988
Willoughby,989
Lee Davis,990
Wiilds,991
Claudia,992
Briggs,993
Kenneth A.,994
Rothwax,995
Harold J.,996
Lukas,997
J. Anthony,998
Gies,999
Monteleone,1000
John J. and Rickey,1001
Branch,1002
Gleick,1003
Heimel,1004
Cynthia,1005
Rodgers,1006
Rick and Delta Queen Steamboat Co.,1007
Mazel,1008
Rinzler,1009
Carol Ann,1010
Lerner,1011
Harriet Goldhor,1012
Grauer,1013
Neil A.,1014
Strohmeyer,1015
Julia,1016
Ed,1017
Sunset,1018
Heilbroner,1019
David and Keeney,1020
Lehman,1021
Albert,1022
Michael (EDT) and Dellinger,1023
Dave (EDT),1024
Katz,1025
McClelland,1026
Deke and McClelland,1027
Linda (PHT),1028
Clare,1029
and Clare,1030
Diane,1031
Darmon,1032
Reed,1033
and Adams,1034
Beth (ILT),1035
Effinger,1036
George Alec,1037
Silverman,1038
Al (EDT),1039
Mizener,1040
Rosenzweig,1041
Grimes,1042
Galen,1043
Slung,1044
Michele and Lindbergh,1045
Reeve (INT),1046
Purdum,1047
Todd S.,1048
Dick and McGann,1049
Eileen,1050
Cooper,1051
Sarah (EDT),1052
Hallberg,1053
West,1054
Cornel and Sealey,1055
Kelvin Shawn,1056
Long,1057
Courtney,1058
Harrison,1059
Barbara Grizzuti,1060
Aldiss,1061
Brian Wilson,1062
Barnett,1063
A. Doak (EDT),1064
Perkowitz,1065
Sidney,1066
Boyne,1067
Walter J.,1068
Markham,1069
Beryl,1070
Jensen,1071
Eric and McPherson,1072
Charles (ILT),1073
Young,1074
John Robert,1075
Cosby,1076
Bill (FRW),1077
Croce,1078
and Lyon,1079
Raymer,1080
Dottie,1081
Jacobson,1082
and Parent-Teacher Advisory Board (COR),1083
Krauss,1084
Pesach,1085
Branscomb,1086
Lewis M. (EDT),1087
Mitchell,1088
Kirk,1089
National Museum of American Art (U. S.) (COR),1090
Driesbach,1091
Janice Tolhurst,1092
Jones,1093
Katherine Church,1094
Oakland Museum (COR),1095
and Crocker Art Museum (COR),1096
Garisto,1097
Tannen,1098
Burchard,1099
Cleanth,1100
Chodorow,1101
Nancy J.,1102
Wolfe,1103
Alan,1104
Seranne,1105
Ann,1106
Better Homes and Gardens Books,1107
Chancellor,1108
Hale,1109
Gloria (EDT),1110
Magruder,1111
Wilkinson,1112
Williamson,1113
Marianne,1114
Kelley,1115
Brent,1116
Hirsch,1117
E. D. (EDT),1118
Dornfest,1119
Rael and Hemenway,1120
Friedman,1121
Kinky,1122
Lessa,1123
Christina,1124
Brian and Schoenherr,1125
Benchley,1126
Greeley,1127
Andrew M.,1128
Hall,1129
Stephen S.,1130
Douglas,1131
Green,1132
Gordon W.,1133
Ideals Publications Inc,1134
Turtledove,1135
Harry,1136
Blackwell,1137
Lawana,1138
Garrison,1139
Webb B.,1140
Barbara Radcliffe and Rogers,1141
Stillman,1142
Montandon,1143
Chessman,1144
Harriet Scott,1145
Sweet,1146
Melissa (ILT) and Bridges,1147
Margaret Park,1148
McCall Smith,1149
Andes,1150
Steinberg,1151
Keith,1152
Kent M.,1153
William Westbrook (EDT),1154
Hope,1155
Suares,1156
Jean-Claude,1157
Herrmann,1158
Yamanaka,1159
Lois-Ann,1160
Felske,1161
Coerte V. W.,1162
Hampton,1163
Christopher,1164
Eversz,1165
Renggli,1166
Seppi,1167
Church,1168
F. Forrester,1169
Hodge,1170
Susan Winslow (EDT),1171
Blake,1172
Wendon,1173
Hirsh,1174
Brighton,1175
Flora and Shuckburgh,1176
Julian,1177
Bowman,1178
Marjorie A. (EDT) and Fisher,1179
Judith A. (EDT),1180
Sucher,1181
Dorothy,1182
Costello,1183
Peter and Jackson,1184
John Wyse,1185
Hochschild,1186
Arlie Russell and Machung,1187
Meisel,1188
Anthony C.,1189
Liberman,1190
Stephens,1191
Gloria and Yamazaki,1192
Tetsu (PHT),1193
Carper,1194
Jean,1195
Falkner,1196
David and Morgan,1197
Maas,1198
Darden,1199
Ellington,1200
Flegg,1201
Ayres,1202
E. C.,1203
Harrisson,1204
Coleman,1205
and Hagan,1206
Candace,1207
Adele Logan,1208
McNamara,1209
Robert S. and Blight,1210
James G.,1211
Moats,1212
Laski,1213
Marghanita,1214
McCann,1215
Colum,1216
Gail,1217
Martin W. and Bunce,1218
Patrick (PHT),1219
Swanson,1220
James L.,1221
O'Connor,1222
Philip F.,1223
Viehl,1224
S. L.,1225
Lunden,1226
Joan and Morton,1227
Forsyth,1228
Donelson R.,1229
Brox,1230
Reese,1231
Butler,1232
Robert Olen,1233
By,1234
Joann,1235
Piers,1236
Janicak,1237
Philip G.,1238
John M.,1239
Preskorn,1240
Sheldon H.,1241
and Ayd,1242
Hart,1243
Russell and Richards,1244
Dan,1245
Perkins,1246
Nicol,1247
Rosemary,1248
Jacqueline,1249
Alison,1250
Time-Life Books (COR),1251
Salzman,1252
Harris,1253
Mark and Boswell,1254
Lamb,1255
Reekie,1256
Jennie,1257
Nolan,1258
Han,1259
Garrett,1260
Hattaway,1261
Herman,1262
New York Public Library (COR),1263
Diefendorf,1264
Elizabeth (EDT),1265
and Bryan,1266
Diana (ILT),1267
Fail,1268
Frederick (EDT),1269
Beck,1270
Timothy James,1271
Oster,1272
Maggie and Gilbertie,1273
Sal,1274
Groening,1275
Matt,1276
Shreve,1277
Anita,1278
Senay,1279
Edward C.,1280
Anne C. and Stewart,1281
Abigail J. (EDT),1282
Hemley,1283
Lilienfeld,1284
A. M.,1285
D.,1286
Hospital,1287
Janette Turner,1288
Braddon,1289
Russell (CON),1290
Quesada,1291
Roberto and St. Martin,1292
Hardie (TRN),1293
Kanellos,1294
Nicolas (EDT),1295
Baack,1296
Donald and Baack,1297
Waters,1298
Hastreiter,1299
Kim (EDT),1300
and Hershkovits,1301
Edelman,1302
Ric,1303
Linden,1304
Russell M.,1305
Trudeau,1306
G. B.,1307
McKinney,1308
Don,1309
Sheehy,1310
Hawkes,1311
Nigel,1312
Sennett,1313
Junior League of the City of New York (COR),1314
Merton D. and Bernstein,1315
Joan Brodshaug,1316
Toland,1317
Menten,1318
Hentoff,1319
Nat,1320
Rhodes,1321
Richard (EDT),1322
Rivele,1323
Bainbridge,1324
Lebon,1325
Marilee,1326
Howe,1327
Irving and Howe,1328
Nicholas (EDT),1329
Osherson,1330
Samuel,1331
Stearns,1332
Beverly Peterson and Stearns,1333
Stephen C.,1334
Plowman,1335
Griggs,1336
Lewis (EDT) and Louw,1337
Lente-Louise (EDT),1338
Humes,1339
Donoghue,1340
Rosenblatt,1341
Roger,1342
Meyer,1343
Sheldon (EDT) and Leuchtenburg,1344
William E. (EDT),1345
William and Finamore,1346
Frank J. (EDT),1347
Lande,1348
Nathaniel,1349
Diggins,1350
John Patrick,1351
Johanson,1352
Donald C. and O'Farrell,1353
MacManus,1354
Seumas,1355
Jaconette,1356
Josephine,1357
James Smoot and Sklar,1358
Richard L. (EDT),1359
Wain,1360
Stinson,1361
Scientific American,1362
Vancil,1363
Cruickshank,1364
Allan D.,1365
Nelson,1366
Keith L and Olin,1367
Spencer C.,1368
Ungar,1369
Sanford J.,1370
Leithauser,1371
Brad,1372
Warren,1373
Neil Clark,1374
Geballe,1375
Shelley,1376
Gruendel,1377
Janice,1378
and Andiman,1379
Warren (EDT),1380
McConkey,1381
Haruf,1382
Kent,1383
Kirkpatrick,1384
Irvine,1385
Harte,1386
John and Kamp,1387
Len (ILT),1388
Lynne Sharon,1389
Gill,1390
Laverne McCain,1391
Burnham,1392
Alexander (EDT),1393
Hedin,1394
Robert A. (EDT) and Holthaus,1395
Gary (EDT),1396
Mickiewicz,1397
O'Rourke,1398
P. J. (EDT),1399
Schneider,1400
Deborah Lucas (TRN) and Ermarth,1401
Michael (EDT),1402
Rosser,1403
Sue V.,1404
Crane,1405
Bush,1406
George W. and Krugman,1407
Paul R.,1408
Miles,1409
T. R. and Miles,1410
Elaine,1411
Dicks,1412
Terrance,1413
Campbell,1414
Woodward,1415
Judith Wright,1416
H. T.,1417
Wollheim,1418
Elizabeth R. (EDT) and Gilbert,1419
Sheila E. (EDT),1420
Kosta,1421
Thomson,1422
Sarah L. and Hague,1423
Raeburn,1424
Paul and Golombek,1425
Matthew P. (FRW),1426
Jean Baker,1427
Sewell,1428
Marilyn (EDT),1429
John A.,1430
Middleton,1431
Michael L.,1432
Roth,1433
Susan A.,1434
Ireland-Gannon Associates (COR),1435
Skibinski,1436
Ray (EDT),1437
and Susan A. Roth & Company (COR),1438
Jeffree Sapp,1439
Bosworth,1440
Sheila,1441
Gustafson,1442
Roat,1443
Ronald Clair,1444
Hilton,1445
Lisa,1446
Howells,1447
William Dean,1448
Richard Paul,1449
and Dimarco,1450
Gina (ILT),1451
Howlett,1452
McGowan,1453
Helene,1454
Zimmerman,1455
Linda and Gilliland,1456
Gerri,1457
Rex (EDT),1458
and Andrews,1459
Everett,1460
Joyce E. (EDT),1461
Chipungu,1462
Sandra S. (EDT),1463
and Leashore,1464
Bogart R. (EDT),1465
Ireland-Gannon Association,1466
Theodore,1467
Heppenheimer,1468
T. A.,1469
Daphne,1470
ed. Rebecca Brennan~Lauren Brooks~Julie Fisher Gunter,1471
Nora Vitz,1472
Drummond,1473
John Keith,1474
Fishman,1475
Cathy Goldberg and Hall,1476
Melanie W. (ILT),1477
Birmingham,1478
Christian (ILT) and Bucher,1479
Elaine M. (EDT),1480
Bracey,1481
Hyler,1482
Rosenblum,1483
Jack,1484
Sanford,1485
Aubrey,1486
and Trueblood,1487
Roy,1488
Farmer,1489
Philip Jose,1490
Judith V.,1491
Kaplan,1492
Alexandra G.,1493
Stiver,1494
Irene P.,1495
and Surrey,1496
Janet L.,1497
Watkins,1498
T. H.,1499
Wills,1500
Remington,1501
Frederic,1502
Lefever,1503
Ernest W.,1504
Denner,1505
Groneman,1506
William F. and Robinson,1507
Mary (FRW),1508
Birkby,1509
Evelyn,1510
Hay,1511
Thorold,1512
Brock,1513
Darryl,1514
Mui,1515
Pearce,1516
and O'Reilly,1517
Taylor,1518
Elizabeth and Cohen,1519
Adam,1520
Terman,1521
Max R.,1522
Motz,1523
Chute,1524
Carolyn,1525
Conason,1526
O'Connell,1527
Cerutti,1528
Dan (EDT) and Pierson,1529
Donna (EDT),1530
Ehrlich,1531
Gretel,1532
Coffin,1533
Cobb,1534
Charles (ILT) and Sorensen,1535
Porter,1536
Katherine Anne,1537
Halberstam,1538
Quinn,1539
Patricia O. (EDT),1540
Thornton,1541
Lawrence,1542
Gingold,1543
Alfred and Buskin,1544
Seaver,1545
Tom and Appel,1546
O'Donnell,1547
Rosie (EDT) and Rosie O'Donnell Show (Television Program) (COR),1548
Bruce and Smith,1549
Brian (CON),1550
Farrand,1551
Phil,1552
Morn,1553
September B.,1554
Kinneir,1555
Eddison,1556
Sydney and Bussolini,1557
Karen (PHT),1558
Lowe,1559
Sidey,1560
Hugh,1561
and Wolfe,1562
Tom (INT),1563
McGraw,1564
McCullough-Dieter,1565
Carol and Dana,1566
Ned (FRW),1567
Kammen,1568
Michael G,1569
Yenne,1570
Speer and Michalson,1571
Greg (EDT),1572
Humez,1573
Alexander and Humez,1574
Nicholas,1575
Hoppel,1576
Joe and Carter,1577
Craig (EDT),1578
Carl Sferrazza,1579
Heinlein,1580
Robert A. and Heinlein,1581
Jacqueline (ILT) and Cleary,1582
Beverly,1583
Russell,1584
Sharman Apt,1585
Soares,1586
Jo and Landers,1587
Clifford E. (TRN),1588
Hightower,1589
A. G.,1590
Saveur (COR),1591
Lewin,1592
Ewing,1593
Lynne,1594
Brigham,1595
Deirdre Davis,1596
Adelaide,1597
and Cameron-Sampey,1598
Derry,1599
Lincoln,1600
W. Bruce,1601
Kimmel,1602
Haven,1603
David and Taylor,1604
Dortch,1605
Richard W.,1606
Michael T.,1607
Woodruff,1608
Editors of Reader's Digest,1609
Fulghum,1610
Zemke,1611
Ron and Anderson,1612
Kristin,1613
Steinfels,1614
Thurber,1615
Cawley,1616
Richard and Patterson,1617
Vernon,1618
Olympia,1619
Nichols,1620
Kubiak,1621
Greg D.,1622
Wormell,1623
Christopher (ILT) and Sevilla,1624
Maria Jose,1625
Kuh,1626
Patric,1627
Serure,1628
Pam and Jones,1629
Peggy,1630
Mailer,1631
Chambers,1632
Aidan,1633
Golden,1634
Weiner-Davis,1635
Michele,1636
Monet,1637
Claude,1638
Peale,1639
Norman Vincent,1640
Stadelmann,1641
Franz,1642
Paul (PHT),1643
Tower,1644
Jeremiah (FRW),1645
Kuleto,1646
Pat (FRW),1647
and Farallon (Restaurant) (COR),1648
Salmansohn,1649
Karen and Krauss,1650
Trisha (ILT),1651
Lara,1652
Adair and Bikadoroff,1653
Roxanna (ILT),1654
Louis Decimus,1655
Anne and Ball,1656
Cook,1657
Ferris (EDT) and Cook,1658
Ferris (ILT),1659
Suzanne,1660
Dean,1661
Zoey,1662
Andre,1663
Mary Lou,1664
Anna Carrick,1665
Forester,1666
Rosamund,1667
and Gibbs,1668
Jenny (CON),1669
Weatherford,1670
Grazer,1671
Gigi Levangie,1672
Creamer,1673
Dunn,1674
Rooney,1675
Andrew A.,1676
Carville,1677
Stroud,1678
Jonathan,1679
Redfield,1680
Lillegard,1681
Dee,1682
and Morrissey,1683
Dean (ILT),1684
Noguchi,1685
Thomas T.,1686
Hamlin,1687
Sonya,1688
Stoppard,1689
Stokes,1690
Penelope J.,1691
Day,1692
Potter,1693
Beverly A.,1694
Orfali,1695
Sebastian,1696
and Scott,1697
Gini Graham,1698
Iritz,1699
Maxine Haren,1700
Atkins,1701
Robert C.,1702
M.D. and Gare,1703
Fran,1704
Eisenberg,1705
Arlene,1706
Telander,1707
Teresa,1708
Mother and Gonzalez-Balado,1709
Jose Luis,1710
Guest,1711
Crispin,1712
A. C.,1713
Miroff,1714
Tucker,1715
Kenneth A. and Allman,1716
Vandana,1717
Letts,1718
Billie,1719
Hosp,1720
Sedaris,1721
Touchstone Television,1722
Faber,1723
Adele and Mazlish,1724
Wells,1725
Hayt,1726
Rodriguez,1727
Plum-Ucci,1728
Borgenicht,1729
Joe and Borgenicht,1730
O'Brien,1731
Cormac and Suteski,1732
Monika (ILT),1733
Gladstone,1734
Jon E. (EDT),1735
Tiger,1736
Blanco,1737
Jodee,1738
Hettie and Parker,1739
Robert Andrew (ILT),1740
A. C. (EDT),1741
Noor,1742
Queen,1743
consort of Hussein,1744
King of Jordan,1745
Conrad,1746
Charlie (EDT) and Keen,1747
Sam,1748
Martha and Gallagher,1749
Dana (PHT),1750
Bronson,1751
Po,1752
Sansone,1753
Leslie and Jacobsen,1754
Rowan,1755
Kincaid,1756
Nanci,1757
Rachael,1758
Steve,1759
Douglas J. and Child,1760
C. S.,1761
Shenkman,1762
Stall,1763
Brunner,1764
Kepple,1765
Paul (ILT),1766
and Buffum,1767
Jude (ILT),1768
Worick,1769
and Jost,1770
Larry (ILT),1771
Wilson,1772
Merrill,1773
A. Roger and Merrill,1774
Rebecca R.,1775
Stace,1776
Wesley,1777
Margen,1778
Sheldon,1779
Mahoney,1780
Time-Life Books,1781
Wolkstein,1782
Begin-Callanan,1783
Maryjane (ILT),1784
and Begin,1785
wouk,1786
herman,1787
Feinstein,1788
Ward,1789
Geoffrey C. and Duncan,1790
Dayton,1791
Field,1792
Rachel,1793
Ming,1794
Yao and Bucher,1795
Hitchcock,1796
Jane Stanton,1797
Katy,1798
Mascetti,1799
Manuela Dunn,1800
Roosevelt,1801
David B.,1802
Black,1803
Allida M. (FRW),1804
and Wallace,1805
Mike (INT),1806
Aeschylus,1807
Hanc,1808
John and Waitz,1809
Greta (FRW),1810
Corbett,1811
Granger,1812
Coote,1813
Addington,1814
Larry H.,1815
Rosenberg,1816
Jakob,1817
Slive,1818
Seymour,1819
Ter Kuile,1820
E. H.,1821
Ambrose,1822
Stephen E.,1823
Castro,1824
David (EDT) and Dove,1825
Rita (EDT),1826
Spielman,1827
Noll,1828
Steinem,1829
Gloria,1830
Jayna,1831
Kostova,1832
Ogden,1833
Michael and Day,1834
Greskovic,1835
Jeffrey J.,1836
Cameron,1837
Seierstad,1838
Asne and Christophersen,1839
Ingrid,1840
M. Sara,1841
John (EDT) and Kenedi,1842
Aaron (EDT),1843
Meyers-Thompson,1844
Jackie and Perkins,1845
Sharon,1846
Wayne W. and Dyer,1847
Marcelene,1848
Esch,1849
Natasha,1850
Orr,1851
A.,1852
McGinnis,1853
Terri and Stewart,1854
Pat (ILT),1855
Sherman,1856
Flowers,1857
Betty S.,1858
and Grubin,1859
Paul,1860
Naythons,1861
Matthew,1862
Donna J. and Holland,1863
Giles,1864
McPherson,1865
James M. and Kunstler,1866
Mort,1867
Hopson,1868
Darlene Powell and Hopson,1869
Derek S.,1870
Gray,1871
Kennedy,1872
Terdal,1873
Leif,1874
and Fusetti,1875
Lydia,1876
Kutner,1877
Mighetto,1878
Elisa and Kuykendall,1879
Bird,1880
Kai,1881
Prevention Magazine Health Books and Feltman,1882
Sis,1883
Peter (ILT) and Nicholson,1884
Gallen,1885
and Brennan,1886
William J,1887
Heckscher,1888
Melissa and Termine,1889
Athony,1890
M.D. (FRW),1891
Saade,1892
Marriott,1893
Evan (FRW),1894
and Chen,1895
Daniel (ILT),1896
Caroline and Barinski,1897
Marcin (ILT),1898
Weigel,1899
Starkey,1900
Lansing,1901
Alfred,1902
Scott,1903
Stephen and Pellman,1904
Kenneth,1905
Prince,1906
Freund,1907
Joan Barzilay,1908
Keno,1909
Leigh,1910
and Keno,1911
Weber,1912
Stu,1913
Dell,1914
Michael and Fredman,1915
Feldman,1916
David and Schwan,1917
Kassie (ILT),1918
Vistica,1919
Gregory L.,1920
Bradley,1921
Karin,1922
Coffman,1923
Curt and Gonzalez-Molina,1924
Gabriel,1925
Baldacci,1926
Oliver,1927
Jamie,1928
Bix,1929
Cynthia Overbeck,1930
Kohn,1931
Rebecca,1932
Paul D.,1933
Weygandt,1934
Jerry J.,1935
and Kieso,1936
Donald E.,1937
Newham,1938
Paul and Cox,1939
Elaine (ILT),1940
Cowell,1941
F. R.,1942
Lomax,1943
Petrusha,1944
and Childs,1945
Stokesbury,1946
Sarah E.,1947
Phillip C.,1948
De Kretser,1949
Michelle,1950
Spinelli,1951
Jerry,1952
Von Ziegesar,1953
Cecily,1954
Hasan,1955
Asma Gull,1956
Babbitt,1957
Natalie,1958
Unsworth,1959
Richard and McCallum,1960
Jack (FRW),1961
Mountfield,1962
E. D.,1963
Rice,1964
Edward E.,1965
Greenfield,1966
Meg,1967
Mackey,1968
Chris and Miller,1969
Greg,1970
Nancy Means,1971
Welch,1972
Martha G.,1973
M.D. and Mark,1974
Mary Ellen (PHT),1975
Brinley,1976
Maryann Bucknum and Willis,1977
Whitfield,1978
Minirth,1979
Mary Alice,1980
Newman,1981
and Newman,1982
Brian,1983
Delgado,1984
Jane L. and National Hispanic Women's Health Initiative,1985
Frankel,1986
Lowry,1987
Glenn D. and Nemazee,1988
Craft,1989
Christine,1990
Bilodeau,1991
Lorrainne,1992
Humphreys,1993
Alma,1994
Michener,1995
Anna J.,1996
Kiyosaki,1997
Robert T. and Lechter,1998
Sharon L.,1999
Pelzer,2000
Richard B.,2001
Pistone,2002
Joseph D.,2003
and Bonanno,2004
Gordon,2005
James S.,2006
Lou,2007
and Spalding,2008
Carlson,2009
David Lee and Lea,2010
Bob (ILT),2011
Couric,2012
Katie (FRW) and Pochapin,2013
Mark Bennett,2014
Engelbreit,2015
Dyan,2016
Boller,2017
Paul F.,2018
Shields,2019
Brooke,2020
Mina,2021
Denise,2022
Manning,2023
Martha,2024
Lippman,2025
Thomas W.,2026
Tilghman,2027
Gelcer,2028
Esther,2029
McCabe,2030
and Smith-Resnick,2031
Murphy,2032
Jana,2033
D. N.,2034
Ban Breathnach,2035
Null,2036
Kotzwinkle,2037
and Brenner,2038
Keri,2039
Fayer,2040
Dina,2041
Murdocca,2042
Sal (ILT),2043
Mary Pope,2044
and Osborne,2045
Will,2046
Hoffman,2047
Alice,2048
Willard,2049
Haduch,2050
Bill and Scheuer,2051
Philip (ILT),2052
Styron,2053
Crespo,2054
Staudenmaier,2055
Eric (ILT),2056
and Staudenmaier,2057
Boggs,2058
Wohlmuth,2059
Sharon J.,2060
Saline,2061
and Sheggeby,2062
Dawn,2063
Shan,2064
Darren,2065
P. W.,2066
Mawer,2067
Golenbock,2068
Trapani,2069
Iza,2070
Albee,2071
Summers,2072
Elly,2073
Van Riper,2074
Spizman,2075
Robyn Freedman and Popkin,2076
Myers,2077
Harper,2078
Frances E. W.,2079
John Paul II,2080
Pope and Messori,2081
Vittorio,2082
Bagnoli,2083
Giorgio and Fawcett,2084
Graham (TRN),2085
Koelsch,2086
Michael (ILT),2087
and Peters,2088
Stephanie True,2089
Mikel J. and Schroeder,2090
Craig,2091
David (ILT) and Tanaka,2092
Albro,2093
Winfrey,2094
Oprah,2095
Regan,2096
Ken (PHT),2097
and Regan,2098
Ken,2099
Lane,2100
Marion S.,2101
Disney Book Group,2102
Gore,2103
Oufkir,2104
Malika,2105
Fitoussi,2106
and Schwartz,2107
Ros (TRN),2108
Rankin,2109
Ian,2110
David A. and Carter,2111
David A. (ILT),2112
Kimball and Fisher,2113
Mareen Duncan,2114
Pitch,2115
Anthony S.,2116
Steed,2117
Zaroulis,2118
Duchess of and Weight Watchers International (EDT),2119
Arnett,2120
Cockey,2121
Rue,2122
Leonard Lee,2123
Ridley,2124
and Call,2125
Greg (ILT),2126
Vaz,2127
Mark Cotta,2128
Avi,2129
Mauer,2130
Lowell,2131
Conley,2132
John D.,2133
III,2134
Jung,2135
Boutquin,2136
Eidahl,2137
Loren,2138
and Jung,2139
Beckett,2140
Bondurant,2141
Lutes,2142
Rob and Hynes,2143
Valentina,2144
Caroline (INT) and Kennedy,2145
dePaola,2146
Tomie,2147
Marrin,2148
Goldbeck,2149
Nikki and Goldbeck,2150
Judy Dockrey and Young,2151
Korda,2152
Michael and Korda,2153
Adams,2154
Reeder,2155
Adamson,2156
Bake,2157
Brin,2158
Holmes,2159
Marjorie,2160
Palmer,2161
Carlin,2162
Philip,2163
Neil and Lawrence,2164
John (ILT),2165
Wolf,2166
Anthony E.,2167
Phillips,2168
Donald T. and Mickelson,2169
Barbara (EDT) and Escue,2170
Ashley Rainey,2171
Chapman,2172
Elwood N.,2173
Helvarg,2174
Freeman,2175
John W. (EDT) and Metropolitan Opera (New York,2176
N. Y.) (COR),2177
Stickney,2178
Clyde P. and Weil,2179
Roman L.,2180
Parshall,2181
Janet,2182
and Perry,2183
Sarah Parshall,2184
Patricelli,2185
Leslie and Patricelli,2186
Leslie (ILT),2187
Rennison,2188
Jampolsky,2189
Gerald G.,2190
William A.,2191
MacDonald,2192
Suse (ILT) and De Zutter,2193
Hank,2194
Bolton,2195
Townsend,2196
David and Borgenicht,2197
H. W. Janson,2198
Nick and Walker,2199
Nasar,2200
Sylvia,2201
Perlman,2202
Elliot,2203
McElroy,2204
Colleen J.,2205
Friday,2206
Joyner,2207
Tom and Boyce,2208
Mary Flowers,2209
Lundin,2210
Christensen,2211
and Strand,2212
Gittleman,2213
Ann Louise,2214
Amanda Eyre,2215
Marcia M.,2216
Lassen,2217
Christian Riese,2218
Weiner,2219
Eric J.,2220
Bushnell,2221
Boone,2222
Debby and Ferrer,2223
Gabriel (ILT),2224
Light,2225
Duane R.,2226
Colt,2227
Karp,2228
Marcelle (EDT) and Stoller,2229
Debbie (EDT),2230
Walt Disney Enterprises (COR) and Giuliani,2231
Whitcomb,2232
Atwater,2233
Florence,2234
and Lawson,2235
Robert (ILT),2236
Burgio,2237
Danielle and Worick,2238
Jennifer (CON),2239
Kinkade,2240
Thomas and Spencer,2241
Dicker,2242
Michaels,2243
Louden,2244
Barron,2245
By the Editors of Time-life Books,2246
Howard,2247
V. A. and Barton,2248
J. H.,2249
Annechild,2250
Annette,2251
Durling,2252
Swierczynski,2253
Duane (CON),2254
H. Keith,2255
and Piligian,2256
Murray and Perkins,2257
David V.,2258
Shull,2259
Megan,2260
Denby,2261
Reader's Digest,2262
Sunset Books (COR),2263
Selden,2264
Linda J. (EDT),2265
and Spier,2266
Carol (EDT),2267
George and Barone,2268
Joe and Robinson,2269
R. D.,2270
Shaffer,2271
Susan Morris and Gordon,2272
Linda Perlman,2273
McKeon,2274
Richard Peter (EDT),2275
Zullo,2276
Allan and Bovsun,2277
Mara,2278
Butcher,2279
A. J.,2280
Minter,2281
J.,2282
David (PHT),2283
Norwak,2284
Manushkin,2285
Bate,2286
Lucy,2287
and De Groat,2288
Diane (ILT),2289
Burningham,2290
Mortimer,2291
John Clifford,2292
Cavendish,2293
Rogerson,2294
Barnaby,2295
and Locke,2296
Chang,2297
Ina,2298
Martha and Sears,2299
Siegel,2300
Bernie S.,2301
Martin and Miller,2302
Judith (EDT),2303
Sarah E. and McCormack,2304
Erin (EDT),2305
Disney Press (COR),2306
Risco,2307
Elle D.,2308
McBratney,2309
Sam and Jeram,2310
Anita (ILT),2311
Tanner,2312
Marcus,2313
Reifer,2314
Donald J. (EDT),2315
Marks,2316
Lamott,2317
Ireland,2318
Owen S.,2319
Ricker,2320
Audrey and Crowder,2321
Lyons,2322
Blythe and Janes,2323
Missy,2324
Elster,2325
Charles Harrington and Elliot,2326
Haverstock,2327
Mary Sayre,2328
Ashkenas,2329
Ronald N. (EDT) and Ashkenas,2330
Ronald N.,2331
McPhail,2332
Gammelgaard,2333
Lene,2334
Richards,2335
Dick,2336
Emily and Marshall,2337
Hynson,2338
Colin,2339
Cathy,2340
Peters,2341
Thomas J.,2342
Watts,2343
Heather and Soto,2344
Jock,2345
James and Gross,2346
Barrow,2347
Guy,2348
Kuralt,2349
Charles and Glusker,2350
Irwin,2351
Yanes,2352
Romulo A. (PHT) and Gourmet (EDT),2353
Edgar.,2354
Dupree,2355
Nathalie,2356
Pavia,2357
Audrey,2358
Tardio,2359
Robert (PHT) and Wasbotten,2360
Marilyn Miller,2361
Woods,2362
Tiger and Golf Digest (EDT),2363
Barkan,2364
Joanne and Brassard,2365
France (ILT),2366
Pope,2367
Sloan,2368
Aziz,2369
Jean (EDT) and Stout,2370
Peggy (EDT),2371
Mary-Ann Tirone,2372
Shore,2373
Conroy,2374
Obermayer,2375
Herman J.,2376
Gmelch,2377
George and Weiner,2378
Maxwell,2379
John C.,2380
KYNE,2381
Peter B.,2382
Glendinning,2383
Victoria,2384
Steele,2385
Malcolm,2386
and Woodward,2387
Zusak,2388
Markus,2389
James and Nussbaum,2390
Jeff,2391
Cowley,2392
Beevor,2393
Antony (EDT),2394
Carr,2395
Calebert (CON),2396
Robert (CON),2397
Lukacs,2398
John (CON),2399
Winik,2400
Jay (CON),2401
and Beevor,2402
Antony (CON),2403
Skott,2404
Michael (PHT) and McKean,2405
Lori,2406
Block,2407
Dionne,2408
E. J.,2409
Cabot,2410
Mantell,2411
Paul and Christopher,2412
Shriver,2413
Maria and Speidel,2414
Sandra (ILT),2415
Eileen C.,2416
Sova,2417
Dawn B.,2418
Karolides,2419
Nicholas J.,2420
and Bald,2421
Bagby,2422
Milton (EDT) and Holzer,2423
Harold (INT),2424
Pendergrast,2425
Woodford,2426
Job Michael,2427
Edwards,2428
Sarah and Edwards,2429
Geoffrey (EDT),2430
and Society for Military History (U. S.) (COR),2431
Pine,2432
Chatwin,2433
American Medical Women's Association (COR),2434
Epps,2435
Roselyn Payne (EDT),2436
and Stewart,2437
Susan Cobb (EDT),2438
Hagood,2439
Wesley O.,2440
Bunch,2441
Bryan (EDT) and Tesar,2442
Jenny E. (EDT),2443
Charles and Kipfer,2444
Barbara Ann,2445
Sachs,2446
Brad E.,2447
Kathryn,2448
Cosgrove,2449
Irene and Cosgrove,2450
Roalf,2451
DeGeneres,2452
Linn,2453
Grass,2454
Gu&#x308 and nter,2455
Carey,2456
Elizabeth Doyle,2457
Okum,2458
Kopp,2459
Caroline (PHT),2460
and Barry,2461
leslie,2462
Curtis,2463
Glade B. and Schuler,2464
Standiford,2465
Gross,2466
Allan and Carr,2467
Twinem,2468
Neecy (ILT) and Twinem,2469
Neecy,2470
Nash,2471
Munsinger,2472
Lynn (ILT) and Numeroff,2473
Laura Joffe,2474
Carmichael,2475
Rutberg,2476
Lance (FRW),2477
and Zawadzki,2478
National Geographic Society (U. S.) (COR),2479
Apt,2480
Helfert,2481
Justin,2482
and Ressmeyer,2483
Roger (EDT),2484
Bugialli,2485
Giuliano,2486
Andy (ILT),2487
and Ryan,2488
Andy,2489
Werner,2490
Marilyn,2491
Kotler,2492
Fahey,2493
Liam,2494
and Jatusripitak,2495
Somkid,2496
Cato Institute (COR) and Pilon,2497
Riggs,2498
David F.,2499
Gallman,2500
J. Matthew,2501
Graedon,2502
Joe and Graedon,2503
Jason (EDT) and Bryson,2504
Bill (EDT),2505
Zobel-Nolan,2506
Allia and Brooks,2507
Nan (ILT),2508
Roland,2509
David and Goodman,2510
Amy L.,2511
Ian and Cohen,2512
Ehrenreich,2513
Nivola,2514
Claire A. (ILT) and Spires,2515
Garber,2516
Angus,2517
Robert H. and Cook,2518
Philip J.,2519
Sparks,2520
Reid,2521
Leland H.,2522
Mossman,2523
Dow,2524
Levy,2525
Faye,2526
McNab,2527
David and Younger,2528
Brundage,2529
Hoff,2530
Hesselbein,2531
Frances (EDT),2532
Goldsmith,2533
Marshall (EDT),2534
Beckhard,2535
Rachard F. (EDT),2536
and Peter F. Drucker Foundation for Nonprofit Management (COR),2537
Lisi,2538
Sachar,2539
Chorao,2540
Kay (ILT) and Levinson,2541
Riki,2542
James and Rose,2543
David S. (ILT),2544
Konner,2545
Linda and Marshel,2546
Judy E.,2547
Donald,2548
Kassirer,2549
Kurtz,2550
Susan (PHT),2551
and Wolfson,2552
Tom (PHT),2553
Underwood,2554
Eleanor,2555
Jon E.,2556
Furman,2557
Leah,2558
Morin,2559
Elina,2560
and Ehrenstein,2561
Emily,2562
Gunn,2563
Robin Jones,2564
Robert Smith,2565
Fredette,2566
Jean M. (EDT),2567
Lenhard,2568
East,2569
Charles (EDT),2570
Hollinghurst,2571
Joanne and Gevry,2572
Claudine (ILT),2573
Mcintyre,2574
Sheran,2575
Eckstut,2576
and Halasz,2577
Andras (ILT),2578
Morpurgo,2579
Kuriansky,2580
Schott,2581
Kozol,2582
Rifkin,2583
Jeremy,2584
Cristol,2585
A. Jay,2586
Innes,2587
Jocasta,2588
Montaquila,2589
Christine and Levin,2590
Kim (PHT),2591
Schulweis,2592
Harold M.,2593
Browne,2594
MacCormick,2595
Austin,2596
Knauer,2597
Kelly (EDT),2598
Time Magazine (EDT),2599
and Time,2600
Inc. (COR),2601
Masiel,2602
Ann M.,2603
Selznick,2604
and Godwin,2605
James and Roughan,2606
Hindle,2607
and Heller,2608
Robet,2609
Fairbairn,2610
Conn,2611
Charles Paul,2612
Conover,2613
Jennifer Rahel (EDT),2614
Kriegel,2615
Pam,2616
McCue,2617
Lisa (ILT),2618
Bianco,2619
Margery Williams (ADP),2620
and Lombardi,2621
Kristine,2622
Marita,2623
Zeldin,2624
Renwick,2625
Arthur Stanley (EDT) and Axson,2626
Stockton,2627
Cousins,2628
Douglas L.,2629
Schreiner,2630
Samuel Agnew,2631
King,2632
Silverberg,2633
Katselas,2634
Milton,2635
Keneally,2636
Comet,2637
Renee (PHT) and Atkinson,2638
Leland,2639
Kunkel,2640
Karen E.,2641
Depue,2642
Roger L. and Schindehette,2643
STORYBOOK,2644
Lefkon,2645
Wendy (EDT) and Cook,2646
Deanna F.,2647
Baumbich,2648
Charlene Ann,2649
Atkinson,2650
Sherr,2651
Lynn and Kazickas,2652
Jurate,2653
Gaines,2654
Beatrix and McCue,2655
Cuddy,2656
Robbin (ILT) and Zoehfeld,2657
Kathleen Weidner,2658
Hack,2659
Editors of Phaidon Press,2660
Sven,2661
and Hartner,2662
Alexandroff,2663
Womack,2664
Hunter,2665
Fortgang,2666
Laura Berman,2667
Keene,2668
Carolyn and Whelan,2669
Zacks,2670
Rossi,2671
Melissa L.,2672
Weatherby,2673
W. J.,2674
Pollock,2675
Steve and Whitfield,2676
Philip (EDT),2677
Editors of Creative Homeowner,2678
Hamilton,2679
Mary (EDT),2680
Hines,2681
Jorgensen,2682
Talamini,2683
and Hamilton,2684
David J.,2685
Gottfried,2686
Zaidi,2687
Nadeem (ILT),2688
Aigner-Clark,2689
Julie (EDT),2690
and Baby Einstein Company (COR),2691
Lorenz,2692
Joanna,2693
Highfield,2694
Geneen,2695
Turnbull,2696
Shobin,2697
John and Tutu,2698
Renton,2699
B. Andrew,2700
Marable,2701
Wahli,2702
Ueli,2703
Matthews,2704
Lapido,2705
Paula Coll,2706
and Norguet,2707
Jean-Pierre,2708
Hendrickson,2709
Carol Lea,2710
Courrege,2711
Beverly (EDT),2712
Anthony and Swan,2713
Robbyn,2714
McEwen,2715
Christian (EDT),2716
Sommer,2717
Robin Langley and Sommer,2718
Langle,2719
Laurie Beth,2720
Gevry,2721
Claudine (ILT) and Finbarr,2722
Osgood,2723
Niven,2724
Burg,2725
Dale and Pinkham,2726
Mary Ellen,2727
Meberg,2728
Knapp,2729
Leman,2730
Various,2731
Arterburn,2732
Yorkey,2733
Mike (CON),2734
and Luck,2735
Kenny,2736
Cohen,2737
Herb,2738
David J,2739
Majerus,2740
and Marjerus,2741
Korman,2742
Marino,2743
Lauren (EDT),2744
and Solomon,2745
Debra (ILT),2746
Atelier Philippe Harchy (ILT),2747
Skinner,2748
Weinberg,2749
Gerald M. and Freedman,2750
Daniel P,2751
Glorya (EDT),2752
Flank,2753
Lenny,2754
Drosnin,2755
Thomas (ILT) and McKelvey,2756
Douglas Kaine,2757
Pauline,2758
Dupuy,2759
R. Ernest and Dupuy,2760
Trevor Nevitt,2761
Tekulsky,2762
Mathew and Moritz-Magnesio,2763
Clair (ILT),2764
Ball,2765
Unell,2766
Barbara C. and Wyckoff,2767
Daugherty,2768
George and Diamond,2769
Janis,2770
Liz,2771
Carroll,2772
and Brickman,2773
Perry,2774
Rizzatti,2775
Lorella,2776
Stark,2777
Marg,2778
Rann,2779
Toni,2780
Yorke,2781
Jane (EDT),2782
and Oliver,2783
Moody,2784
Winston,2785
Chriss and Watts,2786
J. C.,2787
Burke,2788
Richard E.,2789
Hoffer,2790
and Hoffer,2791
Ponzek,2792
Debra and Schwartz,2793
Musselman,2794
Jennifer and Degregori,2795
Patty,2796
Raboff,2797
Ernest Lloyd,2798
Sussman,2799
Julie,2800
Glakas-Tenet,2801
Stephanie,2802
and Lampathakis,2803
Yeorgos (ILT),2804
McBain,2805
Ralph,2806
Rains,2807
Rob,2808
Burton L.,2809
Hemingway,2810
Edith Morris,2811
Jacqueline Cosgrove,2812
and Cosgrove,2813
Kenneth L. (ILT),2814
James and Paetro,2815
Maxine,2816
Coupland,2817
Ginsburg,2818
Art,2819
Pagan,2820
Burch,2821
Virginia M.,2822
Billy J.,2823
Bass,2824
McCaffery,2825
Janet and Lindemeyer,2826
Pingry,2827
Patricia A. and Utt,2828
Mary Ann (ILT),2829
Shaudys,2830
Phyllis V.,2831
Doranne,2832
St. George,2833
Judith and Small,2834
David (ILT),2835
Ahearn,2836
Allen and Ahearn,2837
Gurian,2838
Gourmet,2839
Polisar,2840
Barry Louis and Clark,2841
Sendak,2842
Maurice (ILT) and Kushner,2843
Tony,2844
Benjamin W. (EDT),2845
Breathed,2846
Berke,2847
Morozumi,2848
Atsuko,2849
Nguyen,2850
Kien,2851
Loewen,2852
James W.,2853
Bagdikian,2854
Ben H.,2855
Grace,2856
Nancy and Clehane,2857
Daniels,2858
John D. and Radebaugh,2859
Lee H.,2860
Codell,2861
Esme Raji,2862
Paul B.,2863
Millner,2864
Denene and Chiles,2865
Saunders,2866
Vivien,2867
Dickinson,2868
Terence,2869
Lockhart,2870
Lynne N. and Lockhart,2871
Barbara M.,2872
Wasowski,2873
Sally,2874
R. G.,2875
Jr. (EDT),2876
Glasener,2877
Erica,2878
Knopf,2879
Keator,2880
Glenn,2881
and Boring,2882
John Kadel (EDT),2883
American Institute for Cancer Research,2884
Reader's Digest Association,2885
Sebold,2886
Powers,2887
Alice Lecesse,2888
Weldon-Siviy,2889
Mintzer,2890
and Gallaro,2891
Elisa,2892
Stacy (ILT) and Cooper,2893
Evan,2894
Arnold,2895
Johann Christoph,2896
Josh,2897
Cox,2898
Jeff and Cox,2899
Self,2900
Mark Gilroy Communications,2901
Bovard,2902
Ruth,2903
Berger,2904
Leyerle,2905
John and Quick,2906
Horvath,2907
Polly,2908
Groom,2909
Loewer,2910
H. Peter,2911
Lampert,2912
Maclean,2913
Moira (ILT),2914
Colin (ILT),2915
and Maclean,2916
Moira,2917
Horowitz,2918
I. A,2919
Murkoff,2920
Heidi Eisenberg and Rader,2921
Laura (ILT),2922
Milne,2923
A. A.,2924
and Marshall,2925
Hallie,2926
Highwater,2927
Jamake,2928
Valmiki,2929
and Glancey,2930
Kelli (ILT),2931
Bayer,2932
Russo,2933
Monica and Dewire,2934
Ostrow,2935
Judy,2936
Quirk,2937
Rory F.,2938
Talbott,2939
Strobe,2940
Toth,2941
McPhee,2942
Dolan,2943
Ken and Dolan,2944
Daria,2945
Connelly,2946
Maynard,2947
Christopher and Paton,2948
Schoor,2949
Gene,2950
Betts,2951
Edwin Morris,2952
Bob and Goulding,2953
Henner,2954
Marilu and Henner,2955
Lorin,2956
Ziegler,2957
Greenspan,2958
Baigent,2959
Michael and Leigh,2960
Stirling,2961
S. M.,2962
Walter Jon,2963
Gentle,2964
and Turtledove,2965
Harry (EDT),2966
Browning,2967
Marie,2968
Shneck,2969
Maher,2970
Harold (EDT) and Lehman,2971
Michalak,2972
Patricia S. and Peterson,2973
Cass,2974
Lovric,2975
Michelle (COM),2976
Swofford,2977
Donald and Stokes,2978
Lillian,2979
Brondolo,2980
John O. (EDT),2981
Holly,2982
Verrilli,2983
George E. and Mueser,2984
Anne Marie,2985
Better Homes & Gardens,2986
Monroe,2987
Jimmy,2988
Bon Appetit (EDT),2989
Saba,2990
Marcel (EDT),2991
David Herbert,2992
Hillier,2993
Wooster,2994
Steven (PHT),2995
Hayward,2996
Stephen (PHT),2997
and Hayward,2998
Bart,2999
and Costales,3000
Bryan,3001
Amado,3002
Jorge,3003
Timberg,3004
American Heritage Publishing Company (EDT) and Driscoll,3005
Nuland,3006
Sherwin B.,3007
Myerhoff,3008
Barbara G.,3009
Schobinger,3010
Juan,3011
Simon and Taylor,3012
Sara (PHT),3013
Sandburg,3014
Donia,3015
Hill,3016
Steig,3017
Robert L.,3018
Deanna F. and Familyfun Magazine,3019
Matton,3020
Sylvie and Black,3021
Tamsin (TRN),3022
Marg and Benson,3023
Showalter,3024
Gena,3025
Klein,3026
Burros,3027
Marian,3028
Alessandra,3029
Anthony J. and Hunsaker,3030
Phillip L.,3031
Paulette,3032
Noble,3033
and Fleming,3034
Jack (ILT),3035
Vickery,3036
Donald M. and Fries,3037
James F.,3038
Zutell,3039
Irene and Bleidner,3040
Sackville-West,3041
V,3042
Guarendi,3043
Raymond N.,3044
Maydak,3045
Michael S. (ILT) and Kroll,3046
Virginia L.,3047
Schorr,3048
Lisbeth B.,3049
Abel,3050
Simone (ILT) and Bright,3051
Farrell,3052
Kirby,3053
Gibbons,3054
Kaye,3055
Fleischman,3056
Sid and Von Schmidt,3057
Shea,3058
Mlynowski,3059
Stiles,3060
Jeanie and Stiles,3061
David R.,3062
Asquith,3063
Pamella,3064
Reisman,3065
Rose,3066
Merk,3067
Jefferson,3068
Thomas (FRW),3069
Karlin,3070
Javerbaum,3071
and Blomquist,3072
Lind,3073
Fielding,3074
Naomi and Young,3075
Tammy,3076
Giardina,3077
Corn,3078
Hartley-Brewer,3079
Megan and Robitz,3080
Kathie,3081
Sones,3082
Sweeney,3083
Jennifer Foote (EDT),3084
Smiley,3085
Jane (FRW),3086
and Salon. Com (COR),3087
Harry H.,3088
Jr. and Harrison,3089
Proulx,3090
Annie,3091
Masters,3092
Edgar Lee and Swenson,3093
May (INT),3094
Kathy and Holm,3095
Sharon Lane (ILT),3096
O'Malley,3097
Kevin (ILT) and Finchler,3098
Paul Elliott,3099
Alvin D.,3100
Finto,3101
Clifton,3102
Page,3103
R. I.,3104
Palomino,3105
Rafael,3106
Gargagliano,3107
Arlen,3108
and Duisterhof,3109
Miki (PHT),3110
Matthiessen,3111
Van Der Plas,3112
Walt Disney Productions,3113
Pamela R. (ILT) and Skarmeas,3114
Barton,3115
Byron (ILT) and Sharmat,3116
Marjorie Weinman,3117
Reisert,3118
Kaminsky,3119
Peter and Fleming,3120
Debroff,3121
Stacy,3122
Caroli,3123
Betty Boyd,3124
Levy Mossanen,3125
Dora,3126
Briscoe,3127
Connie,3128
Stephanie Perry,3129
Barkley,3130
Charles and Wilbon,3131
Maloy,3132
Karas,3133
Condy (EDT) and Museh,3134
Leslyn (COM),3135
Erin,3136
Roy and Jenkins,3137
Purviance,3138
Jamie and Turner,3139
Perez-Reverte,3140
Arturo and Peden,3141
Margaret Sayers (TRN),3142
Naylor,3143
Shortridge,3144
Reeve,3145
Dana (EDT),3146
Shengold,3147
Nina (EDT),3148
Brett,3149
Glasser,3150
Dem,3151
Tidiane,3152
Laurie B. and Schmitz,3153
Tamara (ILT),3154
Mashuta,3155
Crocker,3156
Betty and Chin,3157
Leeann,3158
Masson,3159
J. Moussaieff and McCarthy,3160
Susan (CON),3161
Dockrey,3162
Godwin,3163
Johnnie,3164
Phyllis,3165
Burkett,3166
Stern,3167
Alison B. (EDT),3168
Margaret Sabo,3169
David C. (EDT),3170
Pink,3171
Daniel H.,3172
Hegi,3173
Ursula,3174
Healy,3175
Jane M.,3176
Kissinger,3177
Hankinson,3178
Susan E. (EDT),3179
Colditz,3180
Graham A.,3181
M.D. (EDT),3182
Manson,3183
Joann E.,3184
and Speizer,3185
Frank E.,3186
Sananikone,3187
Keo,3188
Cory,3189
Steve and Halpin,3190
Lansky,3191
Vicki and White,3192
Kaye (ILT),3193
Sciolino,3194
Salt,3195
J. S. (EDT),3196
Soltys,3197
Karen Costello (EDT) and Green,3198
Mary V.,3199
Hass,3200
Robert (EDT) and Mitchell,3201
Stephen (EDT),3202
Gluck,3203
Kidd,3204
Veggeberg,3205
Vanin,3206
Gabriele and West,3207
Richard (FRW),3208
Michael (INT),3209
Cardoza,3210
Avery,3211
Sijie,3212
Dai,3213
Wise,3214
Weintraub,3215
Alan (PHT),3216
Majua,3217
Weingarten,3218
and Weintraub,3219
Sports Illustrated (EDT),3220
People Books,3221
Sporkin,3222
and Lipton,3223
Michael A. (EDT),3224
Henley,3225
Thomas A. and Sweet,3226
Neesa,3227
Ellen Sue,3228
and Stern,3229
Havens,3230
Duane,3231
Cannon,3232
Sundaram,3233
Hema,3234
Cummins,3235
Cindy,3236
McNally,3237
Gandy,3238
Dottie Bruce and Lowe,3239
Lent,3240
Gavalas,3241
Corwin,3242
Donna G. and Jablow,3243
Martha Moraghan,3244
Ainslie,3245
Metrick,3246
Sydney Barbara,3247
Charles and Cardwell,3248
Barzun,3249
Bove,3250
Alexander A.,3251
Neil,3252
Nicholas B. A.,3253
Bluestein,3254
Shilstone,3255
MacKie,3256
Catherine (EDT),3257
Karen Levin and Treeger,3258
Madge Lawrence,3259
Ferguson,3260
Mason,3261
Charles (PHT) and Murphy,3262
Claire Rudolph,3263
Smath,3264
Jerry (ILT) and Herman,3265
Schiff,3266
Nancy Rica,3267
Wydra,3268
Nancilee,3269
Rachel and Nolte,3270
Dorothy Law,3271
Vinita Hampton and Horner,3272
Epstein,3273
Daniel Mark,3274
Sheth,3275
Jagdish N. and Mernissi,3276
Fatema,3277
Reidenbaugh,3278
Lowell and Hoppel,3279
Joe (EDT),3280
Legvold,3281
Colton,3282
Timothy J. (EDT),3283
and Legyold,3284
Skidmore,3285
Thomas E. and Smith,3286
Peter H.,3287
Hertzberg,3288
Hendrik,3289
Van Ness,3290
Sibbick,3291
Blagden,3292
Denise (ILT),3293
and Nicholls,3294
Andrew L.,3295
Mead-Ferro,3296
Muffy,3297
Somers,3298
Sneden,3299
Robert Knox,3300
Charles F.,3301
and Lankford,3302
Nelson D. (EDT),3303
Lyon,3304
and Covey,3305
Stephen R. (FRW),3306
Bruce L. R. and Danilenko,3307
Gennady M. (EDT),3308
Chuck (EDT),3309
Eskite,3310
Richard (ILT),3311
and Simmons,3312
Kate and Slovenz-Low,3313
Madeline,3314
Grizzard,3315
Shalit,3316
Amy,3317
Zailckas,3318
Koren,3319
Baron,3320
Robert A. and Byrne,3321
Donn,3322
Lister,3323
Adrian and Bahn,3324
Feist,3325
Raymond E.,3326
Michael J,3327
Victoria (New York,3328
N. Y.) (EDT) and Allon,3329
Dorros,3330
arthur,3331
Bailey,3332
Covert and Gates,3333
Ronda,3334
Fuchs,3335
Robyn A. Goldstein,3336
Nalbantian,3337
Haig R. (EDT),3338
Guzzo,3339
Richard A.,3340
Kieffer,3341
and Doherty,3342
Peck,3343
Hess,3344
Bicknell,3345
Treld,3346
Anna Deavere,3347
Lawrence M.,3348
Penman,3349
Sharon Kay,3350
Gerberg,3351
Warner,3352
Kendall,3353
Hanley,3354
Caesar,3355
Sid and Friedfeld,3356
Eddy,3357
Hirsh M. and Driver,3358
Ray (ILT),3359
Gardner,3360
Andrews,3361
Edward Deming,3362
Lapidus,3363
Gail W. (EDT),3364
Medawar,3365
P. B and Pyke,3366
Jane (ILT) and Sykes,3367
Raum,3368
Nora,3369
Thomas B.,3370
Warnock,3371
Brett (EDT),3372
Awdry,3373
W. and Bell,3374
Owain (ILT),3375
de Villiers,3376
Marq,3377
Alexander-Roberts,3378
Colleen,3379
Behrendt,3380
Greg and Tuccillo,3381
Huang,3382
Kerson and Huang,3383
Lapierre,3384
Wayne and Baker,3385
James Jay,3386
Holtz,3387
Lou and Heisler,3388
Joyce and Radosh,3389
Dee and Schmitt,3390
Martin Ferdinand (EDT),3391
Telushkin,3392
Joseph Rabbi,3393
Gonet,3394
Laqueur,3395
Heriteau,3396
Trafford,3397
Abigail,3398
Crowe,3399
Elizabeth Powell,3400
Christiane,3401
Elizabeth Marshall,3402
Terri,3403
Glastonbury,3404
Books,3405
Time Life,3406
Greenberg,3407
Martin Harry,3408
Waugh,3409
Charles G.,3410
and Azarian,3411
Jenny-Lynn (EDT),3412
Hager,3413
Prevention Magazine Health Books (COR),3414
Harrar,3415
Sari,3416
and Bauman,3417
Alisa,3418
Cusick,3419
Leifer,3420
Neil (PHT),3421
Jordan (EDT) and Buyers,3422
Colleen (EDT),3423
Betsy,3424
Burt,3425
Sandra and Perlis,3426
Dingus,3427
Norell,3428
Gaffney,3429
Eugene S.,3430
and American Museum of Natural History (COR),3431
Marilyn and Stahl,3432
Ben (ILT),3433
Strickland,3434
Brad and Fuller,3435
Thomas E.,3436
O'Carroll,3437
Castleman,3438
Hasselbring,3439
and Simons,3440
Anned,3441
Sally and Robledo,3442
Maria (PHT),3443
Edgerton,3444
Clyde,3445
Berman,3446
Schweiger,3447
Alice Burdick,3448
and Berman,3449
Lobel,3450
Walt Disney Productions (EDT),3451
Cathy Goldberg,3452
and Hall,3453
Melanie W.,3454
Baskin,3455
Leonard and Segal,3456
Lore Groszmann,3457
Pamela M.,3458
Gold-Vukson,3459
Marji and Oeltjenbruns,3460
Joni (ILT),3461
Wolpe,3462
Lucas,3463
Henry C.,3464
Texas Bix,3465
Yarbro,3466
Chelsea Quinn,3467
Sennott,3468
Charles M.,3469
Holpp,3470
Lawrence and Pande,3471
Peter S.,3472
Stuck,3473
Susan (EDT),3474
Shari,3475
Barnard,3476
Melanie,3477
Pruett,3478
Lynn,3479
Waterman,3480
Robert H.,3481
Dorling Kindersley,3482
Cahill,3483
Susan Neunzig (EDT),3484
Pollan,3485
Stephen M. and Levine,3486
Grobman,3487
and Motley Fool,3488
Boorstin,3489
Daniel J. and Luce,3490
Clare Boothe,3491
Barbara and Greenaway,3492
Rockwell,3493
Anne F,3494
Richman,3495
L'Heureux,3496
Lesniewicz,3497
Begoun,3498
Paula,3499
Joseph and Seymour-Smith,3500
Martin (EDT),3501
Powell,3502
Eggers,3503
Dave (EDT) and Mortensen,3504
Viggo (INT),3505
Van Duyn,3506
Mona,3507
Sperling,3508
Susan Kelz,3509
Crossley-Holland,3510
Kennealy,3511
Melissa (ILT) and Ryder,3512
Joanne,3513
Shackleton,3514
Ernest Henry,3515
Sir,3516
Messervy,3517
Julie Moir and Abell,3518
Sam (PHT),3519
James and Lopresti,3520
Hanegraaff,3521
Hank and Maier,3522
Anglund,3523
Joan Walsh,3524
Darrell,3525
Marsalis,3526
Wynton,3527
Frank (PHT),3528
Firesmith,3529
Donald G.,3530
Dirgo,3531
Jane (ILT) and Spinelli,3532
People Magazine (New York,3533
N. Y.) (EDT),3534
Cushing,3535
Carol C.,3536
Wait,3537
Lea,3538
Volland,3539
Nicole and Hollander,3540
Slyvia,3541
Dwight,3542
Baskett,3543
Mickey,3544
Sheerin,3545
Mickey (EDT),3546
Gorder,3547
and Payne,3548
Covert,3549
Rizzoli,3550
J. I Biegeleisen,3551
Newhouse,3552
Elizabeth L. (EDT),3553
Kubota,3554
Hiroji,3555
Hurley,3556
William L.,3557
and Raikes,3558
Jeff (FRW),3559
Smalling,3560
Walter (PHT) and Brierton,3561
Joan M.,3562
Batra,3563
Ravi and Batra,3564
Raveendra N.,3565
Menjivar,3566
Josue (ILT),3567
A. L.,3568
Harkness,3569
Ross H. and Jacques,3570
Richard L.,3571
Tukua,3572
Deborah S.,3573
Eckhardt,3574
Linda West and Defoyd,3575
Katherine West,3576
Kerner,3577
Fred,3578
Harley,3579
Slade,3580
and Gattiker,3581
Urs E.,3582
Carpenteri,3583
Stephen D. (EDT),3584
Emerson,3585
Ralph Waldo and Graham,3586
Mathias,3587
Barbara and French,3588
M. A. H.,3589
Baechle,3590
Thomas R. and Groves,3591
Barney R.,3592
Stephen L.,3593
Logan,3594
Hirshberg,3595
Meg Cadoux,3596
Pavic,3597
Milorad,3598
Bolden,3599
Tonya (EDT),3600
Brogan,3601
Ramos,3602
Manuel,3603
Abbott,3604
Shirley,3605
Rick and Carroll,3606
Marcie,3607
David and Mendez,3608
Antonio J. (FRW),3609
Guttentag,3610
Jack M.,3611
Allison,3612
Restak,3613
Gottlieb,3614
Bill (EDT) and Dollemore,3615
Doug (EDT),3616
Colagrande,3617
John and Felder,3618
Chekhov,3619
Anton Pavlovich,3620
Mamet,3621
and Chernomordik,3622
Vlada,3623
Dana C. and McClure,3624
Coberly,3625
Jeffers,3626
and Perrault,3627
James R. and Wiener,3628
Roberta,3629
Dahl,3630
Kessler,3631
J. Christian,3632
Uris,3633
Leon and Uris,3634
Bond,3635
Nesbit,3636
Edith and Brock,3637
C. E. (ILT),3638
Nagel,3639
Stuart S. and Neef,3640
Michael (PHT),3641
Larkin,3642
Wendell,3643
and Webb,3644
Rugoff,3645
Milton Allan,3646
Guiberson,3647
Brenda Z. and Lloyd,3648
Megan (ILT),3649
Fitzgerald,3650
Randall,3651
Fredrickson,3652
Pentecost,3653
Steward,3654
H. Leighton (EDT),3655
Bethea,3656
Morrison C.,3657
Sam S.,3658
Balart,3659
Luis A.,3660
and Steward,3661
H. Leighton,3662
Witchell,3663
Crawford,3664
Haas,3665
Jessie,3666
Seuss,3667
Dr. and Booth,3668
George (ILT),3669
Mark Allen,3670
M.D. and Baar,3671
Paisner,3672
Daniel and Picciotto,3673
Michael M.,3674
Farnsworth,3675
Isaac Bashevis,3676
Safir,3677
Margery,3678
James P.,3679
Kolata,3680
Robert T.,3681
Gagnon,3682
John H.,3683
and Laumann,3684
Edward O.,3685
Randy W.,3686
Sabato,3687
Larry J. and Simpson,3688
Glenn R.,3689
Savory,3690
Roger M. (EDT),3691
Michaelsen,3692
O. V.,3693
Michels,3694
Dia L. and Levy,3695
Matt (EDT) and Bresnick,3696
Paul (EDT),3697
Mandy,3698
Tony (EDT),3699
Nick (INT),3700
Tony (INT),3701
and Lyons,3702
Nick (EDT),3703
Mary C.,3704
Aria,3705
Barbara and Gon,3706
Russell Eng,3707
Wemischner,3708
Tavares,3709
Dowd,3710
Shirley and Kurtti,3711
Hammond Incorporated (COR),3712
National Geographic Society (U. S.),3713
Myracle,3714
Lauren,3715
Plant,3716
Ian J.,3717
Malaspina,3718
Margaret A.,3719
Geoffrey,3720
Bissoondath,3721
Schwebel,3722
Philip and Ingpen,3723
Robert R.,3724
Gruber,3725
Davidson,3726
Jeffrey P.,3727
Shrader,3728
Charles Reginald (EDT),3729
Goulding,3730
Phil G.,3731
Domar,3732
Alice D.,3733
McGregor,3734
Morton,3735
Ireys,3736
Alice Recknagel,3737
Gassenheimer,3738
Conarroe,3739
Joel (EDT),3740
Purkey,3741
William Watson,3742
Talbot,3743
John Michael,3744
Shaub,3745
Benjamin Martin,3746
Greve,3747
Hoopes,3748
Ashmore,3749
Harry S.,3750
morgan,3751
dan,3752
Taube,3753
Sophy,3754
Onassis,3755
Jacqueline Kennedy,3756
Norwich,3757
John Julius,3758
John R. Taylor,3759
Hornsby,3760
Wendy,3761
Simmons,3762
Carruth,3763
Gorton and Ehrlich,3764
Eugene,3765
Euripides and Rudall,3766
Nicholas (TRN),3767
Mills,3768
Magnus,3769
Busby,3770
Cathy N. (EDT),3771
Wagner-Martin,3772
Linda (EDT),3773
and Ammons,3774
Streissguth,3775
Gerras,3776
Geyer,3777
Georgie Anne,3778
Prashker,3779
Betty A. (EDT),3780
Chapin,3781
Schuyler,3782
and Radiches,3783
James A. Photographer,3784
Jamsa,3785
Kris A.,3786
Dale A. and Clark,3787
Mosley,3788
Marchand,3789
Cornwell,3790
Crystal,3791
Dalai Lama XIV,3792
Cumming,3793
Ian (PHT),3794
Thupten Jinpa (TRN),3795
and Cumming,3796
Mastro,3797
Vavra,3798
Fitzpatrick,3799
Joyce J. (EDT) and Montgomery,3800
Kristen S. (EDT),3801
Nancy Ellen,3802
Hayter,3803
Sparkle,3804
Ventura,3805
Piero and Casalini,3806
Melford,3807
and Kittredge,3808
William (INT),3809
Arthur William,3810
Elkind,3811
Mark (EDT) and Hirdt,3812
Norton,3813
Donna E and Norton,3814
Saundra E.,3815
Rottenberg,3816
Westhorp,3817
Chris (EDT),3818
Trisha R.,3819
Tames,3820
De Blij,3821
Harm J.,3822
Savishinsky,3823
Joel S.,3824
Eugene L.,3825
Schiro,3826
James J. (EDT),3827
Stollman,3828
Aryeh Lev,3829
Schmaeling,3830
Fyfield,3831
Frances,3832
Drennan,3833
Miriam and Anderson,3834
Hardwick,3835
Falwell,3836
Lindsey,3837
Lawrence B.,3838
Meader,3839
Robert F. W.,3840
Katie and Lippman,3841
Benedict,3842
Popcorn,3843
Faith and Marigold,3844
Lys,3845
Neuhauser,3846
Peg C.,3847
Studs (FRW),3848
Royko,3849
and Wille,3850
Lois,3851
n/a,3852
Fitzroy,3853
Mandell,3854
Hazen,3855
Stephen Jay (INT),3856
and Singer,3857
Spiegel,3858
Celina and Buchmann,3859
Bartholomew,3860
Tori,3861
Toll,3862
Nelly S.,3863
Wesson,3864
Durnil,3865
Gordon K.,3866
MacLachlan,3867
Ilatovskaya,3868
Tatiana,3869
Sheppard,3870
Access Press,3871
Nettleton,3872
Pamela Hill,3873
Dodson,3874
Estrin,3875
Herman A. and Elliot,3876
Norbert,3877
Chethik,3878
Riley,3879
Laura and Riley,3880
Peter F.,3881
Lebow,3882
Gribbin,3883
Bissette,3884
and Sniegoski,3885
Bush-Brown,3886
Sehlinger,3887
George C.,3888
McCarthy,3889
Colman,3890
Kushi,3891
Michio,3892
Willis,3893
Clint (EDT),3894
Corbin,3895
Bruce and Dietz,3896
Katherine (ILT),3897
Uyless D.,3898
Cummings,3899
Priscilla and Cohen,3900
A. R.,3901
Broz,3902
E. Mark (EDT),3903
Hastings,3904
Max and Jenkins,3905
Susan Ramey and Wilens,3906
Patricia (EDT),3907
Lowe-Evans,3908
Jonnie,3909
Picknett,3910
Lynn and Prince,3911
Clive,3912
Ajjan,3913
Diana (EDT),3914
Bruce R.,3915
Maxine H.,3916
Thomas Nelson Publishers,3917
Saeks,3918
Diane Dorrans,3919
Lichtenheld,3920
Tom (ILT) and Smallcomb,3921
Prelutsky,3922
Stancil,3923
Rosemary Dunn and Wilkins,3924
Lorela Nichols,3925
Harpur,3926
James and Romain,3927
Berton,3928
Frazier,3929
Wilhelm,3930
Tierney,3931
Hacker,3932
William Franklin,3933
Taormina,3934
Beranbaum,3935
Rose Levy,3936
Vanden Heuvel,3937
Katrina (EDT),3938
Platt,3939
Ellen Spector,3940
Baumgardner,3941
Gunnar (EDT),3942
King-Gamble,3943
Lee,3944
Bernice,3945
Cara and Montanarelli,3946
Chafe,3947
William Henry,3948
Tony (ILT) and Danziger,3949
Carol A.,3950
Pool,3951
Joyce Oudkerk (PHT),3952
Taggart,3953
and Taggart,3954
Wang,3955
Harvey and Isay,3956
Boyle,3957
T. Coraghessan,3958
Rees,3959
Celia,3960
Brass,3961
Ken and McKenzie,3962
Kirsty,3963
Marjorie Canfield,3964
Nahai,3965
Gina Barkhordar,3966
Keats,3967
Ezra Jack,3968
Cronkite,3969
Haberman,3970
Irving (PHT),3971
and Barth,3972
Searls,3973
Doc,3974
Weinberger,3975
Locke,3976
and Levine,3977
Bramblett,3978
Reid and Kennedy,3979
Gropp,3980
Louis Oliver (EDT),3981
Margaret (EDT),3982
and Clark,3983
Snicket,3984
Lemony and Helquist,3985
Brett (ILT),3986
Hiaasen,3987
Gilkerson,3988
Lougheed,3989
Jamee,3990
Mellow,3991
James R.,3992
Woldman,3993
Albert A,3994
Okakura,3995
Kakuzo,3996
Crockett,3997
James Underwood,3998
Kerr,3999
W. Park,4000
Barbara and Stevenson,4001
Lauber,4002
Bodmer,4003
W. F. and McKie,4004
Seinfeld,4005
Gliori,4006
Debi (ILT) and Dunbar,4007
Beard,4008
Victoroff,4009
Cullen,4010
John (TRN) and Khadra,4011
Yasmina,4012
Hahn,4013
Daniel (EDT),4014
Flynn,4015
Leonie (EDT),4016
and Reuben,4017
Zabar,4018
Abbie,4019
Merriam-Webster,4020
Goodwin,4021
Muntean,4022
Michaela,4023
Obligado,4024
Lilian (ILT),4025
and Obligado,4026
Lilian (EDT),4027
Sharon and Sims,4028
Deborah (ILT),4029
New York Public Library (COR) and Skillion,4030
Montgomery,4031
Kimberly,4032
Richard and Sewall,4033
Harriett,4034
Truss,4035
Gilliam,4036
Roazen,4037
Ayn,4038
Beop-Ryong,4039
Yeo and Hui-Jin,4040
Park (ILT),4041
Itabashi,4042
Masahiro and Tamakoshi,4043
Hiroyuki (ILT),4044
Kessner,4045
Marquis,4046
Levering,4047
Miriam (EDT),4048
Stryk,4049
Lucien (FRW),4050
and Levering,4051
Miriam (INT),4052
Stegner,4053
Wallace Earle,4054
Eliot,4055
and Macrae,4056
Yutenji,4057
Ako and Ashamalla,4058
Hamazaki,4059
Tatsuya (CRT) and Idumi,4060
Rei (ILT),4061
Na,4062
Woo,4063
Kang-Woo,4064
and Jaffe,4065
Taliesin,4066
Vin,4067
Lee (CRT),4068
Hyun,4069
You,4070
Park,4071
Woo Sok,4072
and Yu,4073
Hyon,4074
Sugisaki,4075
Yukiru,4076
Morrissey,4077
Paul and Shurei,4078
Kouyu,4079
Brady,4080
Shelly and Macy,4081
William H. (FRW),4082
Morelock,4083
J. D. and Boyne,4084
Walter J. (EDT),4085
Montville,4086
Gafni,4087
Shlomo (EDT),4088
Sun-Hee,4089
Lee and Schultz,4090
Sunah Kim (TRN),4091
Noh,4092
Mi Young,4093
Marraffino,4094
and Reyes,4095
Luis,4096
Yoshimoto,4097
Ray (TRN),4098
Jamie S. (ADP),4099
and Murakami,4100
Maki,4101
Friedland,4102
Susan R.,4103
Stossel,4104
Garden Way,4105
MacLeod,4106
Ian R.,4107
Sinatra,4108
Vanderhaeghe,4109
Lorna R. and Karst,4110
Karlene,4111
Van Der Vat,4112
Dan and Eisenhower,4113
John S. D. (INT),4114
Fleder,4115
Rob (EDT),4116
Neuburger,4117
Karen and Schiff,4118
Kristiana and Campbell,4119
Mary Exa Atkins,4120
Winkler,4121
Lin,4122
and Heyer,4123
Carol (ILT),4124
Weninger,4125
Brigitte,4126
Tharlet,4127
Eve (ILT),4128
and Lanning,4129
Carla Fitzgerald,4130
Paul C.,4131
Hibbert,4132
Christopher (EDT) and Newsweek,4133
Trevor N.,4134
Curt,4135
and Bongard,4136
David L.,4137
Daelemans,4138
Feiffer,4139
Jules,4140
Jin Lee,4141
Myung,4142
Saiga,4143
Reiji,4144
Inoue,4145
Sora,4146
and Duran,4147
Lucan,4148
In-Soo,4149
Ra and Jae-Hwan,4150
Kim,4151
Stein,4152
Melissa (EDT),4153
Kaemon,4154
Amy Court (EDT),4155
Allison (EDT),4156
and Buscemi,4157
Rymer,4158
Nan,4159
Koge Donbo,4160
NutriBase,4161
Bryant,4162
Megan E.,4163
Yolen,4164
Jane and Teague,4165
COOLEY,4166
Bennis,4167
Warren G.,4168
Shachtman,4169
Students Helping Students,4170
Phinney,4171
Siobhan (EDT),4172
Hutchin,4173
Megan (EDT),4174
and Suh,4175
Albert (EDT),4176
Ericsson,4177
Haig,4178
Nader,4179
Baillie-Hamilton,4180
Paula and Hamilton-Baillie,4181
Paul and Cherewatenko,4182
Vern S.,4183
Won,4184
Kim Kang,4185
Kan-Won,4186
and Murphy,4187
Duke,4188
Nikki and Lagarrigue,4189
Jerome (ILT),4190
G. Brian,4191
Bruchac,4192
Joseph and Andreasen,4193
Dan (ILT),4194
Lynch,4195
Chungliang Al,4196
and Huang,4197
Al Chung-Liang,4198
Tracy,4199
Sang-Sun,4200
Sparrow,4201
Jo,4202
Eun-Ha,4203
Park (ART),4204
Seung-Ah (TRN),4205
and Deitrich,4206
Jason,4207
Inui,4208
Sekihiko and Richie,4209
Aki,4210
Katsu,4211
and Frazier,4212
Jan Scott (TRN),4213
Jin,4214
Ha,4215
Cramer,4216
Richard Ben,4217
Malloy,4218
Merrit (EDT) and Rose,4219
Emerald (EDT),4220
Noonan,4221
John Thomas,4222
Sutherland,4223
Ginger,4224
Pelz,4225
Dave and Mastroni,4226
Blumenfeld,4227
Yorick (EDT),4228
Naughton,4229
Metzger,4230
Deena,4231
Rushton,4232
Rosie,4233
Littman,4234
ST. James Elaine,4235
Jonas,4236
Swirsky,4237
Joan and Nannery,4238
Diane Sackett,4239
Jill (ILT),4240
Dana (ILT),4241
Buller,4242
Schade,4243
and Warner,4244
Sally (ILT),4245
Sofo,4246
Frank (ILT) and Jerome,4247
Kate Boehm,4248
Komorn,4249
Odewahn,4250
Yolanda,4251
and Royal Perth Yacht Club (Perth,4252
W. A.) (COR),4253
Franck,4254
Irene M. and Brownstone,4255
Zinczenko,4256
David and Spiker,4257
Naslund,4258
Sena Jeter,4259
Morrow,4260
Jude,4261
Chatzky,4262
Jean Sherman,4263
Herrick,4264
Kengor,4265
Isenberg,4266
Merser,4267
Cheryl and Garden Design Magazine (EDT),4268
Reader's Digest Association (EDT),4269
Newdick,4270
Jane and Sutherland,4271
Balch,4272
Phyllis A. and Balch,4273
Reisser,4274
Swift,4275
and Kennedy,4276
Ai,4277
Person,4278
Ron,4279
Winter,4280
and Tidrow,4281
Yuy,4282
Tyrrell,4283
R. Emmett,4284
Jr. and Davis,4285
Mark W.,4286
Lupica,4287
Shaw,4288
Mathabane,4289
Spann,4290
Mary Beth,4291
Sorrell,4292
Holm,4293
Anne and Kingsland,4294
L. W.,4295
Donna T. and McGowen,4296
Fossum,4297
Karin and David,4298
Felicity,4299
Treacy,4300
Waller,4301
Douglas C.,4302
Blacklaws,4303
Troy,4304
Everson,4305
Eva Marie and Everson,4306
Jessica,4307
Harraps,4308
Jaisingh,4309
Lloyd R.,4310
Thomas and Proctor,4311
Andacht,4312
Ettin,4313
Andrew Vogel,4314
Hamill,4315
Pete,4316
McCarry,4317
Reiji and Inoue,4318
Sora (ILT),4319
Miriam E. and Wernick,4320
Isobel,4321
Rettenmund,4322
Matthew and Munyan,4323
Keith (PHT),4324
Turan,4325
Murfitt,4326
Janice and Grater,4327
Hurd,4328
Josselin,4329
Jean-Marie,4330
Masuda,4331
Coco (ILT),4332
and Jacobs,4333
Calvino,4334
Italo,4335
Woodard,4336
Thomas K. and Greenstein,4337
B.,4338
Gardam,4339
Verne,4340
NFL (EDT),4341
Straus,4342
Soto,4343
Theodore and Haralambou,4344
Harry (PHT),4345
Kingsley,4346
Jason and Levitz,4347
Stanny,4348
Savage,4349
Webster,4350
Richard Russell (EDT),4351
Severe,4352
Gilb,4353
Dagoberto,4354
National Geographic Society (U. S.) (EDT),4355
Tonya Lewis and Anthony,4356
Crystal McCrary,4357
Borysenko,4358
Dozois,4359
Gardner R. (EDT),4360
Sterling,4361
Kass,4362
Leon R.,4363
Rushforth,4364
Keith D.,4365
Mrazek,4366
Driscoll,4367
Hapka,4368
and Neye,4369
Margreaves,4370
Toni (ILT),4371
Hargreaves,4372
and Edwards,4373
Brin (ILT),4374
Allende,4375
Isabel and Peden,4376
Margaret Sayers,4377
Roper,4378
Robert (ILT) and Valdes,4379
Rosten,4380
Leo Calvin (EDT),4381
Tremain,4382
Brodowsky,4383
Pamela K. and Fazio,4384
Evelyn M.,4385
Alexandra and Wilner,4386
Abby,4387
De Mente,4388
Boye,4389
Richard H.,4390
Hershkowitz,4391
Sue A.,4392
Gibilisco,4393
Stan,4394
Melanson,4395
Philip H. and Stevens,4396
Hyland,4397
M. J.,4398
Gurney,4399
Albert Ramsdell,4400
Dallas,4401
Frankeny,4402
Frankie (PHT) and Mitchell,4403
Tamborlane,4404
William V. (EDT),4405
Weiswasser,4406
Janet Z. (EDT),4407
Fung,4408
Held,4409
Nancy A. (EDT),4410
and Liskov,4411
Tara Prather (EDT),4412
Alfonsi,4413
Alice (ADP),4414
Lobianco,4415
Nick (ILT),4416
and Lobianco,4417
Peter (ILT),4418
Haywood,4419
Carolyn and Haywood,4420
Carolyn (ILT),4421
Wallis,4422
David (EDT) and Wallis,4423
David (INT),4424
Zeises,4425
Lara M.,4426
Driver,4427
Jim (EDT),4428
Eisner,4429
Michael D.,4430
Reichman,4431
Tracie,4432
Loring,4433
Kaehler,4434
Kathy and Olson,4435
Cheryl K.,4436
Kyle,4437
Limb,4438
Gibbon,4439
Stephen E. (FRW) and Mullener,4440
Vorhaus,4441
Michlin,4442
Nell Rogers,4443
and Bode,4444
Christine Ernst,4445
Massey,4446
Sujata,4447
Alterman,4448
Thoene,4449
Bodie and Thoene,4450
American Association of University Women,4451
AAUW members,4452
Bonni,4453
Al-Farsy,4454
Fouad,4455
Lahita,4456
Robert G. and Phillips,4457
Munro,4458
Eleanor C. (EDT),4459
Wuthnow,4460
Matlock,4461
